",""FECHA"",""DESDE"",""HASTA"",""LINEA"",""MOLINETE"",""ID_ESTACION"",""ESTACION"",""PAX_PAGOS"",""PAX_PASES_PAGOS"",""PAX_FREQ"",""TOTAL"""
"1,""2019-09-01"",""05:15:00"",""05:30:00"",""D"",""LineaD_9Julio_S_Turn02"",6,""9 DE JULIO"",1,0,0,1"
"2,""2019-09-01"",""05:30:00"",""05:45:00"",""D"",""LineaD_9Julio_S_Turn02"",6,""9 DE JULIO"",3,0,0,3"
"3,""2019-09-01"",""05:30:00"",""05:45:00"",""D"",""LineaD_9Julio_S_Turn03"",6,""9 DE JULIO"",1,0,0,1"
"4,""2019-09-01"",""05:30:00"",""05:45:00"",""D"",""LineaD_9Julio_S_Turn01"",6,""9 DE JULIO"",5,0,0,5"
"5,""2019-09-01"",""05:45:00"",""06:00:00"",""D"",""LineaD_9Julio_S_Turn02"",6,""9 DE JULIO"",1,0,0,1"
"6,""2019-09-01"",""05:45:00"",""06:00:00"",""D"",""LineaD_9Julio_N_Turn01"",6,""9 DE JULIO"",1,0,0,1"
"7,""2019-09-01"",""05:45:00"",""06:00:00"",""D"",""LineaD_9Julio_S_Turn01"",6,""9 DE JULIO"",6,0,0,6"
"8,""2019-09-01"",""06:00:00"",""06:15:00"",""D"",""LineaD_9Julio_S_Turn01"",6,""9 DE JULIO"",9,0,0,9"
"9,""2019-09-01"",""06:00:00"",""06:15:00"",""D"",""LineaD_9Julio_S_Turn03"",6,""9 DE JULIO"",1,0,0,1"
"10,""2019-09-01"",""06:00:00"",""06:15:00"",""D"",""LineaD_9Julio_S_Turn02"",6,""9 DE JULIO"",6,0,0,6"
"11,""2019-09-01"",""06:15:00"",""06:30:00"",""D"",""LineaD_9Julio_S_Turn01"",6,""9 DE JULIO"",12,0,0,12"
"12,""2019-09-01"",""06:15:00"",""06:30:00"",""D"",""LineaD_9Julio_N_Turn01"",6,""9 DE JULIO"",3,0,0,3"
"13,""2019-09-01"",""06:15:00"",""06:30:00"",""D"",""LineaD_9Julio_S_Turn02"",6,""9 DE JULIO"",9,0,0,9"
"14,""2019-09-01"",""06:30:00"",""06:45:00"",""D"",""LineaD_9Julio_S_Turn01"",6,""9 DE JULIO"",10,0,0,10"
"15,""2019-09-01"",""06:30:00"",""06:45:00"",""D"",""LineaD_9Julio_S_Turn02"",6,""9 DE JULIO"",12,0,0,12"
"16,""2019-09-01"",""06:45:00"",""07:00:00"",""D"",""LineaD_9Julio_S_Turn01"",6,""9 DE JULIO"",22,0,0,22"
"17,""2019-09-01"",""06:45:00"",""07:00:00"",""D"",""LineaD_9Julio_N_Turn01"",6,""9 DE JULIO"",3,0,0,3"
"18,""2019-09-01"",""06:45:00"",""07:00:00"",""D"",""LineaD_9Julio_S_Turn02"",6,""9 DE JULIO"",18,0,0,18"
"19,""2019-09-01"",""06:45:00"",""07:00:00"",""D"",""LineaD_9Julio_S_Turn03"",6,""9 DE JULIO"",3,0,0,3"
"20,""2019-09-01"",""07:00:00"",""07:15:00"",""D"",""LineaD_9Julio_S_Turn02"",6,""9 DE JULIO"",27,0,0,27"
"21,""2019-09-01"",""07:00:00"",""07:15:00"",""D"",""LineaD_9Julio_N_Turn01"",6,""9 DE JULIO"",3,0,0,3"
"22,""2019-09-01"",""07:00:00"",""07:15:00"",""D"",""LineaD_9Julio_S_Turn03"",6,""9 DE JULIO"",2,0,0,2"
"23,""2019-09-01"",""07:00:00"",""07:15:00"",""D"",""LineaD_9Julio_S_Turn01"",6,""9 DE JULIO"",27,0,0,27"
"24,""2019-09-01"",""07:15:00"",""07:30:00"",""D"",""LineaD_9Julio_S_Turn02"",6,""9 DE JULIO"",16,0,1,17"
"25,""2019-09-01"",""07:15:00"",""07:30:00"",""D"",""LineaD_9Julio_S_Turn03"",6,""9 DE JULIO"",9,0,1,10"
"26,""2019-09-01"",""07:15:00"",""07:30:00"",""D"",""LineaD_9Julio_N_Turn01"",6,""9 DE JULIO"",5,0,0,5"
"27,""2019-09-01"",""07:15:00"",""07:30:00"",""D"",""LineaD_9Julio_S_Turn01"",6,""9 DE JULIO"",24,0,0,24"
"28,""2019-09-01"",""07:30:00"",""07:45:00"",""D"",""LineaD_9Julio_S_Turn01"",6,""9 DE JULIO"",37,0,0,37"
"29,""2019-09-01"",""07:30:00"",""07:45:00"",""D"",""LineaD_9Julio_N_Turn01"",6,""9 DE JULIO"",2,0,0,2"
"30,""2019-09-01"",""07:30:00"",""07:45:00"",""D"",""LineaD_9Julio_S_Turn02"",6,""9 DE JULIO"",15,0,0,15"
"31,""2019-09-01"",""07:45:00"",""08:00:00"",""D"",""LineaD_9Julio_N_Turn01"",6,""9 DE JULIO"",1,0,1,2"
"32,""2019-09-01"",""07:45:00"",""08:00:00"",""D"",""LineaD_9Julio_S_Turn02"",6,""9 DE JULIO"",18,0,0,18"
"33,""2019-09-01"",""07:45:00"",""08:00:00"",""D"",""LineaD_9Julio_S_Turn03"",6,""9 DE JULIO"",4,0,0,4"
"34,""2019-09-01"",""07:45:00"",""08:00:00"",""D"",""LineaD_9Julio_SO_Turn01"",6,""9 DE JULIO"",10,0,0,10"
"35,""2019-09-01"",""07:45:00"",""08:00:00"",""D"",""LineaD_9Julio_S_Turn01"",6,""9 DE JULIO"",30,0,1,31"
"36,""2019-09-01"",""07:45:00"",""08:00:00"",""D"",""LineaD_9Julio_SO_Turn02"",6,""9 DE JULIO"",7,0,0,7"
"37,""2019-09-01"",""08:00:00"",""08:15:00"",""D"",""LineaD_9Julio_N_Turn01"",6,""9 DE JULIO"",3,0,1,4"
"38,""2019-09-01"",""08:00:00"",""08:15:00"",""D"",""LineaD_9Julio_SO_Turn02"",6,""9 DE JULIO"",19,0,0,19"
"39,""2019-09-01"",""08:00:00"",""08:15:00"",""D"",""LineaD_9Julio_S_Turn02"",6,""9 DE JULIO"",21,0,1,22"
"40,""2019-09-01"",""08:00:00"",""08:15:00"",""D"",""LineaD_9Julio_S_Turn01"",6,""9 DE JULIO"",37,0,0,37"
"41,""2019-09-01"",""08:00:00"",""08:15:00"",""D"",""LineaD_9Julio_SO_Turn01"",6,""9 DE JULIO"",48,0,1,49"
"42,""2019-09-01"",""08:15:00"",""08:30:00"",""D"",""LineaD_9Julio_N_Turn01"",6,""9 DE JULIO"",3,0,0,3"
"43,""2019-09-01"",""08:15:00"",""08:30:00"",""D"",""LineaD_9Julio_S_Turn03"",6,""9 DE JULIO"",2,0,0,2"
"44,""2019-09-01"",""08:15:00"",""08:30:00"",""D"",""LineaD_9Julio_S_Turn02"",6,""9 DE JULIO"",16,0,0,16"
"45,""2019-09-01"",""08:15:00"",""08:30:00"",""D"",""LineaD_9Julio_S_Turn01"",6,""9 DE JULIO"",26,0,0,26"
"46,""2019-09-01"",""08:15:00"",""08:30:00"",""D"",""LineaD_9Julio_SO_Turn02"",6,""9 DE JULIO"",41,0,0,41"
"47,""2019-09-01"",""08:15:00"",""08:30:00"",""D"",""LineaD_9Julio_SO_Turn01"",6,""9 DE JULIO"",54,0,1,55"
"48,""2019-09-01"",""08:30:00"",""08:45:00"",""D"",""LineaD_9Julio_SO_Turn02"",6,""9 DE JULIO"",34,0,2,36"
"49,""2019-09-01"",""08:30:00"",""08:45:00"",""D"",""LineaD_9Julio_S_Turn02"",6,""9 DE JULIO"",18,0,0,18"
"50,""2019-09-01"",""08:30:00"",""08:45:00"",""D"",""LineaD_9Julio_S_Turn03"",6,""9 DE JULIO"",2,0,0,2"
"51,""2019-09-01"",""08:30:00"",""08:45:00"",""D"",""LineaD_9Julio_SO_Turn01"",6,""9 DE JULIO"",60,0,0,60"
"52,""2019-09-01"",""08:30:00"",""08:45:00"",""D"",""LineaD_9Julio_S_Turn01"",6,""9 DE JULIO"",26,0,0,26"
"53,""2019-09-01"",""08:30:00"",""08:45:00"",""D"",""LineaD_9Julio_N_Turn01"",6,""9 DE JULIO"",6,0,0,6"
"54,""2019-09-01"",""08:45:00"",""09:00:00"",""D"",""LineaD_9Julio_SO_Turn02"",6,""9 DE JULIO"",27,0,2,29"
"55,""2019-09-01"",""08:45:00"",""09:00:00"",""D"",""LineaD_9Julio_S_Turn02"",6,""9 DE JULIO"",17,0,0,17"
"56,""2019-09-01"",""08:45:00"",""09:00:00"",""D"",""LineaD_9Julio_N_Turn01"",6,""9 DE JULIO"",5,0,0,5"
"57,""2019-09-01"",""08:45:00"",""09:00:00"",""D"",""LineaD_9Julio_SO_Turn01"",6,""9 DE JULIO"",46,0,0,46"
"58,""2019-09-01"",""08:45:00"",""09:00:00"",""D"",""LineaD_9Julio_S_Turn01"",6,""9 DE JULIO"",28,0,0,28"
"59,""2019-09-01"",""09:00:00"",""09:15:00"",""D"",""LineaD_9Julio_S_Turn01"",6,""9 DE JULIO"",23,0,1,24"
"60,""2019-09-01"",""09:00:00"",""09:15:00"",""D"",""LineaD_9Julio_N_Turn01"",6,""9 DE JULIO"",4,0,0,4"
"61,""2019-09-01"",""09:00:00"",""09:15:00"",""D"",""LineaD_9Julio_S_Turn02"",6,""9 DE JULIO"",7,0,1,8"
"62,""2019-09-01"",""09:00:00"",""09:15:00"",""D"",""LineaD_9Julio_SO_Turn02"",6,""9 DE JULIO"",29,0,1,30"
"63,""2019-09-01"",""09:00:00"",""09:15:00"",""D"",""LineaD_9Julio_S_Turn03"",6,""9 DE JULIO"",2,0,0,2"
"64,""2019-09-01"",""09:00:00"",""09:15:00"",""D"",""LineaD_9Julio_SO_Turn01"",6,""9 DE JULIO"",46,0,0,46"
"65,""2019-09-01"",""09:15:00"",""09:30:00"",""D"",""LineaD_9Julio_S_Turn01"",6,""9 DE JULIO"",27,0,0,27"
"66,""2019-09-01"",""09:15:00"",""09:30:00"",""D"",""LineaD_9Julio_N_Turn01"",6,""9 DE JULIO"",3,0,0,3"
"67,""2019-09-01"",""09:15:00"",""09:30:00"",""D"",""LineaD_9Julio_S_Turn02"",6,""9 DE JULIO"",22,0,0,22"
"68,""2019-09-01"",""09:15:00"",""09:30:00"",""D"",""LineaD_9Julio_SO_Turn02"",6,""9 DE JULIO"",36,0,0,36"
"69,""2019-09-01"",""09:15:00"",""09:30:00"",""D"",""LineaD_9Julio_S_Turn03"",6,""9 DE JULIO"",6,0,0,6"
"70,""2019-09-01"",""09:15:00"",""09:30:00"",""D"",""LineaD_9Julio_SO_Turn01"",6,""9 DE JULIO"",58,0,1,59"
"71,""2019-09-01"",""09:30:00"",""09:45:00"",""D"",""LineaD_9Julio_S_Turn03"",6,""9 DE JULIO"",0,0,0,0"
"72,""2019-09-01"",""09:30:00"",""09:45:00"",""D"",""LineaD_9Julio_S_Turn02"",6,""9 DE JULIO"",8,0,0,8"
"73,""2019-09-01"",""09:30:00"",""09:45:00"",""D"",""LineaD_9Julio_SO_Turn02"",6,""9 DE JULIO"",46,0,0,46"
"74,""2019-09-01"",""09:30:00"",""09:45:00"",""D"",""LineaD_9Julio_SO_Turn01"",6,""9 DE JULIO"",37,0,3,40"
"75,""2019-09-01"",""09:30:00"",""09:45:00"",""D"",""LineaD_9Julio_N_Turn01"",6,""9 DE JULIO"",1,0,0,1"
"76,""2019-09-01"",""09:30:00"",""09:45:00"",""D"",""LineaD_9Julio_S_Turn01"",6,""9 DE JULIO"",18,0,0,18"
"77,""2019-09-01"",""09:45:00"",""10:00:00"",""D"",""LineaD_9Julio_N_Turn01"",6,""9 DE JULIO"",4,0,0,4"
"78,""2019-09-01"",""09:45:00"",""10:00:00"",""D"",""LineaD_9Julio_S_Turn02"",6,""9 DE JULIO"",4,0,0,4"
"79,""2019-09-01"",""09:45:00"",""10:00:00"",""D"",""LineaD_9Julio_SO_Turn01"",6,""9 DE JULIO"",41,1,1,43"
"80,""2019-09-01"",""09:45:00"",""10:00:00"",""D"",""LineaD_9Julio_SO_Turn02"",6,""9 DE JULIO"",39,0,1,40"
"81,""2019-09-01"",""09:45:00"",""10:00:00"",""D"",""LineaD_9Julio_S_Turn01"",6,""9 DE JULIO"",21,0,0,21"
"82,""2019-09-01"",""10:00:00"",""10:15:00"",""D"",""LineaD_9Julio_S_Turn02"",6,""9 DE JULIO"",14,0,0,14"
"83,""2019-09-01"",""10:00:00"",""10:15:00"",""D"",""LineaD_9Julio_S_Turn03"",6,""9 DE JULIO"",3,0,0,3"
"84,""2019-09-01"",""10:00:00"",""10:15:00"",""D"",""LineaD_9Julio_SO_Turn01"",6,""9 DE JULIO"",50,0,3,53"
"85,""2019-09-01"",""10:00:00"",""10:15:00"",""D"",""LineaD_9Julio_SO_Turn02"",6,""9 DE JULIO"",30,0,1,31"
"86,""2019-09-01"",""10:00:00"",""10:15:00"",""D"",""LineaD_9Julio_N_Turn01"",6,""9 DE JULIO"",8,0,1,9"
"87,""2019-09-01"",""10:00:00"",""10:15:00"",""D"",""LineaD_9Julio_S_Turn01"",6,""9 DE JULIO"",15,0,1,16"
"88,""2019-09-01"",""10:15:00"",""10:30:00"",""D"",""LineaD_9Julio_SO_Turn02"",6,""9 DE JULIO"",24,0,3,27"
"89,""2019-09-01"",""10:15:00"",""10:30:00"",""D"",""LineaD_9Julio_S_Turn02"",6,""9 DE JULIO"",4,0,1,5"
"90,""2019-09-01"",""10:15:00"",""10:30:00"",""D"",""LineaD_9Julio_SO_Turn01"",6,""9 DE JULIO"",38,0,1,39"
"91,""2019-09-01"",""10:15:00"",""10:30:00"",""D"",""LineaD_9Julio_N_Turn01"",6,""9 DE JULIO"",14,0,0,14"
"92,""2019-09-01"",""10:15:00"",""10:30:00"",""D"",""LineaD_9Julio_S_Turn01"",6,""9 DE JULIO"",23,0,1,24"
"93,""2019-09-01"",""10:30:00"",""10:45:00"",""D"",""LineaD_9Julio_N_Turn01"",6,""9 DE JULIO"",23,0,1,24"
"94,""2019-09-01"",""10:30:00"",""10:45:00"",""D"",""LineaD_9Julio_S_Turn01"",6,""9 DE JULIO"",23,0,0,23"
"95,""2019-09-01"",""10:30:00"",""10:45:00"",""D"",""LineaD_9Julio_S_Turn02"",6,""9 DE JULIO"",14,0,1,15"
"96,""2019-09-01"",""10:30:00"",""10:45:00"",""D"",""LineaD_9Julio_S_Turn03"",6,""9 DE JULIO"",1,0,0,1"
"97,""2019-09-01"",""10:30:00"",""10:45:00"",""D"",""LineaD_9Julio_SO_Turn01"",6,""9 DE JULIO"",55,0,1,56"
"98,""2019-09-01"",""10:30:00"",""10:45:00"",""D"",""LineaD_9Julio_SO_Turn02"",6,""9 DE JULIO"",33,0,2,35"
"99,""2019-09-01"",""10:45:00"",""11:00:00"",""D"",""LineaD_9Julio_S_Turn01"",6,""9 DE JULIO"",21,0,1,22"
"100,""2019-09-01"",""10:45:00"",""11:00:00"",""D"",""LineaD_9Julio_S_Turn02"",6,""9 DE JULIO"",8,0,1,9"
"101,""2019-09-01"",""10:45:00"",""11:00:00"",""D"",""LineaD_9Julio_N_Turn01"",6,""9 DE JULIO"",15,0,1,16"
"102,""2019-09-01"",""10:45:00"",""11:00:00"",""D"",""LineaD_9Julio_S_Turn03"",6,""9 DE JULIO"",4,0,0,4"
"103,""2019-09-01"",""10:45:00"",""11:00:00"",""D"",""LineaD_9Julio_SO_Turn01"",6,""9 DE JULIO"",36,0,2,38"
"104,""2019-09-01"",""10:45:00"",""11:00:00"",""D"",""LineaD_9Julio_SO_Turn02"",6,""9 DE JULIO"",27,0,2,29"
"105,""2019-09-01"",""11:00:00"",""11:15:00"",""D"",""LineaD_9Julio_SO_Turn01"",6,""9 DE JULIO"",40,0,0,40"
"106,""2019-09-01"",""11:00:00"",""11:15:00"",""D"",""LineaD_9Julio_S_Turn01"",6,""9 DE JULIO"",17,0,0,17"
"107,""2019-09-01"",""11:00:00"",""11:15:00"",""D"",""LineaD_9Julio_SO_Turn02"",6,""9 DE JULIO"",31,0,2,33"
"108,""2019-09-01"",""11:00:00"",""11:15:00"",""D"",""LineaD_9Julio_S_Turn02"",6,""9 DE JULIO"",12,0,1,13"
"109,""2019-09-01"",""11:00:00"",""11:15:00"",""D"",""LineaD_9Julio_N_Turn01"",6,""9 DE JULIO"",16,0,0,16"
"110,""2019-09-01"",""11:15:00"",""11:30:00"",""D"",""LineaD_9Julio_S_Turn02"",6,""9 DE JULIO"",12,0,1,13"
"111,""2019-09-01"",""11:15:00"",""11:30:00"",""D"",""LineaD_9Julio_S_Turn03"",6,""9 DE JULIO"",5,0,0,5"
"112,""2019-09-01"",""11:15:00"",""11:30:00"",""D"",""LineaD_9Julio_SO_Turn01"",6,""9 DE JULIO"",54,0,1,55"
"113,""2019-09-01"",""11:15:00"",""11:30:00"",""D"",""LineaD_9Julio_SO_Turn02"",6,""9 DE JULIO"",41,0,0,41"
"114,""2019-09-01"",""11:15:00"",""11:30:00"",""D"",""LineaD_9Julio_S_Turn01"",6,""9 DE JULIO"",19,0,0,19"
"115,""2019-09-01"",""11:15:00"",""11:30:00"",""D"",""LineaD_9Julio_N_Turn01"",6,""9 DE JULIO"",17,0,0,17"
"116,""2019-09-01"",""11:30:00"",""11:45:00"",""D"",""LineaD_9Julio_N_Turn01"",6,""9 DE JULIO"",22,0,0,22"
"117,""2019-09-01"",""11:30:00"",""11:45:00"",""D"",""LineaD_9Julio_S_Turn01"",6,""9 DE JULIO"",27,0,0,27"
"118,""2019-09-01"",""11:30:00"",""11:45:00"",""D"",""LineaD_9Julio_S_Turn02"",6,""9 DE JULIO"",10,0,2,12"
"119,""2019-09-01"",""11:30:00"",""11:45:00"",""D"",""LineaD_9Julio_SO_Turn02"",6,""9 DE JULIO"",24,0,0,24"
"120,""2019-09-01"",""11:30:00"",""11:45:00"",""D"",""LineaD_9Julio_S_Turn03"",6,""9 DE JULIO"",2,0,0,2"
"121,""2019-09-01"",""11:30:00"",""11:45:00"",""D"",""LineaD_9Julio_SO_Turn01"",6,""9 DE JULIO"",40,0,1,41"
"122,""2019-09-01"",""11:45:00"",""12:00:00"",""D"",""LineaD_9Julio_S_Turn01"",6,""9 DE JULIO"",13,0,3,16"
"123,""2019-09-01"",""11:45:00"",""12:00:00"",""D"",""LineaD_9Julio_SO_Turn02"",6,""9 DE JULIO"",31,0,0,31"
"124,""2019-09-01"",""11:45:00"",""12:00:00"",""D"",""LineaD_9Julio_SO_Turn01"",6,""9 DE JULIO"",44,0,5,49"
"125,""2019-09-01"",""11:45:00"",""12:00:00"",""D"",""LineaD_9Julio_S_Turn03"",6,""9 DE JULIO"",2,0,0,2"
"126,""2019-09-01"",""11:45:00"",""12:00:00"",""D"",""LineaD_9Julio_N_Turn01"",6,""9 DE JULIO"",20,0,1,21"
"127,""2019-09-01"",""11:45:00"",""12:00:00"",""D"",""LineaD_9Julio_S_Turn02"",6,""9 DE JULIO"",14,0,2,16"
"128,""2019-09-01"",""12:00:00"",""12:15:00"",""D"",""LineaD_9Julio_S_Turn01"",6,""9 DE JULIO"",18,0,2,20"
"129,""2019-09-01"",""12:00:00"",""12:15:00"",""D"",""LineaD_9Julio_N_Turn02"",6,""9 DE JULIO"",13,0,0,13"
"130,""2019-09-01"",""12:00:00"",""12:15:00"",""D"",""LineaD_9Julio_SO_Turn02"",6,""9 DE JULIO"",30,0,0,30"
"131,""2019-09-01"",""12:00:00"",""12:15:00"",""D"",""LineaD_9Julio_N_Turn01"",6,""9 DE JULIO"",15,0,3,18"
"132,""2019-09-01"",""12:00:00"",""12:15:00"",""D"",""LineaD_9Julio_SO_Turn01"",6,""9 DE JULIO"",42,0,0,42"
"133,""2019-09-01"",""12:00:00"",""12:15:00"",""D"",""LineaD_9Julio_S_Turn03"",6,""9 DE JULIO"",4,0,0,4"
"134,""2019-09-01"",""12:00:00"",""12:15:00"",""D"",""LineaD_9Julio_S_Turn02"",6,""9 DE JULIO"",15,0,0,15"
"135,""2019-09-01"",""12:15:00"",""12:30:00"",""D"",""LineaD_9Julio_S_Turn01"",6,""9 DE JULIO"",25,0,3,28"
"136,""2019-09-01"",""12:15:00"",""12:30:00"",""D"",""LineaD_9Julio_N_Turn02"",6,""9 DE JULIO"",7,0,1,8"
"137,""2019-09-01"",""12:15:00"",""12:30:00"",""D"",""LineaD_9Julio_N_Turn01"",6,""9 DE JULIO"",11,0,0,11"
"138,""2019-09-01"",""12:15:00"",""12:30:00"",""D"",""LineaD_9Julio_S_Turn03"",6,""9 DE JULIO"",3,0,0,3"
"139,""2019-09-01"",""12:15:00"",""12:30:00"",""D"",""LineaD_9Julio_SO_Turn01"",6,""9 DE JULIO"",48,0,5,53"
"140,""2019-09-01"",""12:15:00"",""12:30:00"",""D"",""LineaD_9Julio_S_Turn02"",6,""9 DE JULIO"",17,0,0,17"
"141,""2019-09-01"",""12:15:00"",""12:30:00"",""D"",""LineaD_9Julio_SO_Turn02"",6,""9 DE JULIO"",24,0,2,26"
"142,""2019-09-01"",""12:30:00"",""12:45:00"",""D"",""LineaD_9Julio_N_Turn02"",6,""9 DE JULIO"",8,0,1,9"
"143,""2019-09-01"",""12:30:00"",""12:45:00"",""D"",""LineaD_9Julio_S_Turn03"",6,""9 DE JULIO"",3,0,1,4"
"144,""2019-09-01"",""12:30:00"",""12:45:00"",""D"",""LineaD_9Julio_N_Turn01"",6,""9 DE JULIO"",11,0,0,11"
"145,""2019-09-01"",""12:30:00"",""12:45:00"",""D"",""LineaD_9Julio_S_Turn02"",6,""9 DE JULIO"",18,0,2,20"
"146,""2019-09-01"",""12:30:00"",""12:45:00"",""D"",""LineaD_9Julio_S_Turn01"",6,""9 DE JULIO"",22,0,1,23"
"147,""2019-09-01"",""12:30:00"",""12:45:00"",""D"",""LineaD_9Julio_SO_Turn01"",6,""9 DE JULIO"",41,0,3,44"
"148,""2019-09-01"",""12:30:00"",""12:45:00"",""D"",""LineaD_9Julio_SO_Turn02"",6,""9 DE JULIO"",21,0,2,23"
"149,""2019-09-01"",""12:45:00"",""13:00:00"",""D"",""LineaD_9Julio_N_Turn01"",6,""9 DE JULIO"",5,0,1,6"
"150,""2019-09-01"",""12:45:00"",""13:00:00"",""D"",""LineaD_9Julio_SO_Turn02"",6,""9 DE JULIO"",27,0,1,28"
"151,""2019-09-01"",""12:45:00"",""13:00:00"",""D"",""LineaD_9Julio_S_Turn01"",6,""9 DE JULIO"",23,0,2,25"
"152,""2019-09-01"",""12:45:00"",""13:00:00"",""D"",""LineaD_9Julio_N_Turn02"",6,""9 DE JULIO"",14,0,0,14"
"153,""2019-09-01"",""12:45:00"",""13:00:00"",""D"",""LineaD_9Julio_SO_Turn01"",6,""9 DE JULIO"",50,0,0,50"
"154,""2019-09-01"",""12:45:00"",""13:00:00"",""D"",""LineaD_9Julio_S_Turn03"",6,""9 DE JULIO"",3,0,1,4"
"155,""2019-09-01"",""12:45:00"",""13:00:00"",""D"",""LineaD_9Julio_S_Turn02"",6,""9 DE JULIO"",17,0,5,22"
"156,""2019-09-01"",""13:00:00"",""13:15:00"",""D"",""LineaD_9Julio_N_Turn01"",6,""9 DE JULIO"",12,0,1,13"
"157,""2019-09-01"",""13:00:00"",""13:15:00"",""D"",""LineaD_9Julio_S_Turn01"",6,""9 DE JULIO"",23,0,1,24"
"158,""2019-09-01"",""13:00:00"",""13:15:00"",""D"",""LineaD_9Julio_N_Turn02"",6,""9 DE JULIO"",7,0,0,7"
"159,""2019-09-01"",""13:00:00"",""13:15:00"",""D"",""LineaD_9Julio_SO_Turn01"",6,""9 DE JULIO"",67,0,2,69"
"160,""2019-09-01"",""13:00:00"",""13:15:00"",""D"",""LineaD_9Julio_S_Turn02"",6,""9 DE JULIO"",23,0,2,25"
"161,""2019-09-01"",""13:00:00"",""13:15:00"",""D"",""LineaD_9Julio_SO_Turn02"",6,""9 DE JULIO"",47,0,1,48"
"162,""2019-09-01"",""13:15:00"",""13:30:00"",""D"",""LineaD_9Julio_N_Turn01"",6,""9 DE JULIO"",9,0,0,9"
"163,""2019-09-01"",""13:15:00"",""13:30:00"",""D"",""LineaD_9Julio_N_Turn02"",6,""9 DE JULIO"",7,0,0,7"
"164,""2019-09-01"",""13:15:00"",""13:30:00"",""D"",""LineaD_9Julio_S_Turn02"",6,""9 DE JULIO"",15,0,0,15"
"165,""2019-09-01"",""13:15:00"",""13:30:00"",""D"",""LineaD_9Julio_S_Turn03"",6,""9 DE JULIO"",4,0,0,4"
"166,""2019-09-01"",""13:15:00"",""13:30:00"",""D"",""LineaD_9Julio_SO_Turn01"",6,""9 DE JULIO"",61,0,5,66"
"167,""2019-09-01"",""13:15:00"",""13:30:00"",""D"",""LineaD_9Julio_S_Turn01"",6,""9 DE JULIO"",23,0,1,24"
"168,""2019-09-01"",""13:15:00"",""13:30:00"",""D"",""LineaD_9Julio_SO_Turn02"",6,""9 DE JULIO"",32,0,2,34"
"169,""2019-09-01"",""13:30:00"",""13:45:00"",""D"",""LineaD_9Julio_N_Turn02"",6,""9 DE JULIO"",9,0,0,9"
"170,""2019-09-01"",""13:30:00"",""13:45:00"",""D"",""LineaD_9Julio_S_Turn02"",6,""9 DE JULIO"",21,0,3,24"
"171,""2019-09-01"",""13:30:00"",""13:45:00"",""D"",""LineaD_9Julio_S_Turn03"",6,""9 DE JULIO"",5,0,0,5"
"172,""2019-09-01"",""13:30:00"",""13:45:00"",""D"",""LineaD_9Julio_N_Turn01"",6,""9 DE JULIO"",14,0,0,14"
"173,""2019-09-01"",""13:30:00"",""13:45:00"",""D"",""LineaD_9Julio_SO_Turn01"",6,""9 DE JULIO"",59,0,1,60"
"174,""2019-09-01"",""13:30:00"",""13:45:00"",""D"",""LineaD_9Julio_S_Turn01"",6,""9 DE JULIO"",20,0,1,21"
"175,""2019-09-01"",""13:30:00"",""13:45:00"",""D"",""LineaD_9Julio_SO_Turn02"",6,""9 DE JULIO"",27,0,1,28"
"176,""2019-09-01"",""13:45:00"",""14:00:00"",""D"",""LineaD_9Julio_S_Turn02"",6,""9 DE JULIO"",17,0,0,17"
"177,""2019-09-01"",""13:45:00"",""14:00:00"",""D"",""LineaD_9Julio_S_Turn03"",6,""9 DE JULIO"",5,0,0,5"
"178,""2019-09-01"",""13:45:00"",""14:00:00"",""D"",""LineaD_9Julio_SO_Turn01"",6,""9 DE JULIO"",40,0,2,42"
"179,""2019-09-01"",""13:45:00"",""14:00:00"",""D"",""LineaD_9Julio_N_Turn02"",6,""9 DE JULIO"",9,0,0,9"
"180,""2019-09-01"",""13:45:00"",""14:00:00"",""D"",""LineaD_9Julio_SO_Turn02"",6,""9 DE JULIO"",26,0,0,26"
"181,""2019-09-01"",""13:45:00"",""14:00:00"",""D"",""LineaD_9Julio_N_Turn01"",6,""9 DE JULIO"",11,0,0,11"
"182,""2019-09-01"",""13:45:00"",""14:00:00"",""D"",""LineaD_9Julio_S_Turn01"",6,""9 DE JULIO"",29,0,3,32"
"183,""2019-09-01"",""14:00:00"",""14:15:00"",""D"",""LineaD_9Julio_S_Turn03"",6,""9 DE JULIO"",2,0,0,2"
"184,""2019-09-01"",""14:00:00"",""14:15:00"",""D"",""LineaD_9Julio_SO_Turn01"",6,""9 DE JULIO"",55,0,1,56"
"185,""2019-09-01"",""14:00:00"",""14:15:00"",""D"",""LineaD_9Julio_SO_Turn02"",6,""9 DE JULIO"",38,0,1,39"
"186,""2019-09-01"",""14:00:00"",""14:15:00"",""D"",""LineaD_9Julio_S_Turn02"",6,""9 DE JULIO"",22,0,0,22"
"187,""2019-09-01"",""14:00:00"",""14:15:00"",""D"",""LineaD_9Julio_S_Turn01"",6,""9 DE JULIO"",30,0,4,34"
"188,""2019-09-01"",""14:00:00"",""14:15:00"",""D"",""LineaD_9Julio_N_Turn01"",6,""9 DE JULIO"",13,0,1,14"
"189,""2019-09-01"",""14:00:00"",""14:15:00"",""D"",""LineaD_9Julio_N_Turn02"",6,""9 DE JULIO"",13,0,0,13"
"190,""2019-09-01"",""14:15:00"",""14:30:00"",""D"",""LineaD_9Julio_S_Turn03"",6,""9 DE JULIO"",1,0,0,1"
"191,""2019-09-01"",""14:15:00"",""14:30:00"",""D"",""LineaD_9Julio_S_Turn02"",6,""9 DE JULIO"",12,0,2,14"
"192,""2019-09-01"",""14:15:00"",""14:30:00"",""D"",""LineaD_9Julio_S_Turn01"",6,""9 DE JULIO"",27,0,2,29"
"193,""2019-09-01"",""14:15:00"",""14:30:00"",""D"",""LineaD_9Julio_SO_Turn02"",6,""9 DE JULIO"",30,0,1,31"
"194,""2019-09-01"",""14:15:00"",""14:30:00"",""D"",""LineaD_9Julio_N_Turn01"",6,""9 DE JULIO"",13,0,1,14"
"195,""2019-09-01"",""14:15:00"",""14:30:00"",""D"",""LineaD_9Julio_SO_Turn01"",6,""9 DE JULIO"",52,0,2,54"
"196,""2019-09-01"",""14:15:00"",""14:30:00"",""D"",""LineaD_9Julio_N_Turn02"",6,""9 DE JULIO"",11,0,2,13"
"197,""2019-09-01"",""14:30:00"",""14:45:00"",""D"",""LineaD_9Julio_S_Turn01"",6,""9 DE JULIO"",23,0,1,24"
"198,""2019-09-01"",""14:30:00"",""14:45:00"",""D"",""LineaD_9Julio_SO_Turn02"",6,""9 DE JULIO"",35,0,0,35"
"199,""2019-09-01"",""14:30:00"",""14:45:00"",""D"",""LineaD_9Julio_N_Turn01"",6,""9 DE JULIO"",9,0,0,9"
"200,""2019-09-01"",""14:30:00"",""14:45:00"",""D"",""LineaD_9Julio_S_Turn03"",6,""9 DE JULIO"",4,0,0,4"
"201,""2019-09-01"",""14:30:00"",""14:45:00"",""D"",""LineaD_9Julio_SO_Turn01"",6,""9 DE JULIO"",45,0,4,49"
"202,""2019-09-01"",""14:30:00"",""14:45:00"",""D"",""LineaD_9Julio_N_Turn02"",6,""9 DE JULIO"",3,0,0,3"
"203,""2019-09-01"",""14:30:00"",""14:45:00"",""D"",""LineaD_9Julio_S_Turn02"",6,""9 DE JULIO"",15,0,0,15"
"204,""2019-09-01"",""14:45:00"",""15:00:00"",""D"",""LineaD_9Julio_N_Turn02"",6,""9 DE JULIO"",7,0,0,7"
"205,""2019-09-01"",""14:45:00"",""15:00:00"",""D"",""LineaD_9Julio_S_Turn02"",6,""9 DE JULIO"",13,0,3,16"
"206,""2019-09-01"",""14:45:00"",""15:00:00"",""D"",""LineaD_9Julio_S_Turn03"",6,""9 DE JULIO"",3,0,0,3"
"207,""2019-09-01"",""14:45:00"",""15:00:00"",""D"",""LineaD_9Julio_N_Turn01"",6,""9 DE JULIO"",8,0,0,8"
"208,""2019-09-01"",""14:45:00"",""15:00:00"",""D"",""LineaD_9Julio_SO_Turn01"",6,""9 DE JULIO"",56,0,3,59"
"209,""2019-09-01"",""14:45:00"",""15:00:00"",""D"",""LineaD_9Julio_SO_Turn02"",6,""9 DE JULIO"",38,0,0,38"
"210,""2019-09-01"",""14:45:00"",""15:00:00"",""D"",""LineaD_9Julio_S_Turn01"",6,""9 DE JULIO"",27,1,2,30"
"211,""2019-09-01"",""15:00:00"",""15:15:00"",""D"",""LineaD_9Julio_SO_Turn02"",6,""9 DE JULIO"",41,0,1,42"
"212,""2019-09-01"",""15:00:00"",""15:15:00"",""D"",""LineaD_9Julio_N_Turn02"",6,""9 DE JULIO"",4,0,0,4"
"213,""2019-09-01"",""15:00:00"",""15:15:00"",""D"",""LineaD_9Julio_SO_Turn01"",6,""9 DE JULIO"",52,0,6,58"
"214,""2019-09-01"",""15:00:00"",""15:15:00"",""D"",""LineaD_9Julio_S_Turn02"",6,""9 DE JULIO"",19,0,2,21"
"215,""2019-09-01"",""15:00:00"",""15:15:00"",""D"",""LineaD_9Julio_S_Turn03"",6,""9 DE JULIO"",8,0,1,9"
"216,""2019-09-01"",""15:00:00"",""15:15:00"",""D"",""LineaD_9Julio_N_Turn01"",6,""9 DE JULIO"",18,0,1,19"
"217,""2019-09-01"",""15:00:00"",""15:15:00"",""D"",""LineaD_9Julio_S_Turn01"",6,""9 DE JULIO"",31,0,1,32"
"218,""2019-09-01"",""15:15:00"",""15:30:00"",""D"",""LineaD_9Julio_SO_Turn02"",6,""9 DE JULIO"",51,0,3,54"
"219,""2019-09-01"",""15:15:00"",""15:30:00"",""D"",""LineaD_9Julio_SO_Turn01"",6,""9 DE JULIO"",65,0,7,72"
"220,""2019-09-01"",""15:15:00"",""15:30:00"",""D"",""LineaD_9Julio_S_Turn01"",6,""9 DE JULIO"",33,0,2,35"
"221,""2019-09-01"",""15:15:00"",""15:30:00"",""D"",""LineaD_9Julio_N_Turn01"",6,""9 DE JULIO"",12,0,0,12"
"222,""2019-09-01"",""15:15:00"",""15:30:00"",""D"",""LineaD_9Julio_S_Turn02"",6,""9 DE JULIO"",20,0,1,21"
"223,""2019-09-01"",""15:15:00"",""15:30:00"",""D"",""LineaD_9Julio_S_Turn03"",6,""9 DE JULIO"",6,0,0,6"
"224,""2019-09-01"",""15:15:00"",""15:30:00"",""D"",""LineaD_9Julio_N_Turn02"",6,""9 DE JULIO"",9,0,0,9"
"225,""2019-09-01"",""15:30:00"",""15:45:00"",""D"",""LineaD_9Julio_N_Turn01"",6,""9 DE JULIO"",9,0,0,9"
"226,""2019-09-01"",""15:30:00"",""15:45:00"",""D"",""LineaD_9Julio_SO_Turn02"",6,""9 DE JULIO"",39,0,2,41"
"227,""2019-09-01"",""15:30:00"",""15:45:00"",""D"",""LineaD_9Julio_SO_Turn01"",6,""9 DE JULIO"",59,0,2,61"
"228,""2019-09-01"",""15:30:00"",""15:45:00"",""D"",""LineaD_9Julio_S_Turn01"",6,""9 DE JULIO"",37,0,1,38"
"229,""2019-09-01"",""15:30:00"",""15:45:00"",""D"",""LineaD_9Julio_N_Turn02"",6,""9 DE JULIO"",7,0,0,7"
"230,""2019-09-01"",""15:30:00"",""15:45:00"",""D"",""LineaD_9Julio_S_Turn02"",6,""9 DE JULIO"",29,0,0,29"
"231,""2019-09-01"",""15:30:00"",""15:45:00"",""D"",""LineaD_9Julio_S_Turn03"",6,""9 DE JULIO"",6,0,0,6"
"232,""2019-09-01"",""15:45:00"",""16:00:00"",""D"",""LineaD_9Julio_N_Turn01"",6,""9 DE JULIO"",11,0,1,12"
"233,""2019-09-01"",""15:45:00"",""16:00:00"",""D"",""LineaD_9Julio_S_Turn03"",6,""9 DE JULIO"",7,0,0,7"
"234,""2019-09-01"",""15:45:00"",""16:00:00"",""D"",""LineaD_9Julio_S_Turn02"",6,""9 DE JULIO"",21,0,0,21"
"235,""2019-09-01"",""15:45:00"",""16:00:00"",""D"",""LineaD_9Julio_N_Turn02"",6,""9 DE JULIO"",9,0,2,11"
"236,""2019-09-01"",""15:45:00"",""16:00:00"",""D"",""LineaD_9Julio_S_Turn01"",6,""9 DE JULIO"",19,0,0,19"
"237,""2019-09-01"",""15:45:00"",""16:00:00"",""D"",""LineaD_9Julio_SO_Turn02"",6,""9 DE JULIO"",45,0,1,46"
"238,""2019-09-01"",""15:45:00"",""16:00:00"",""D"",""LineaD_9Julio_SO_Turn01"",6,""9 DE JULIO"",63,0,0,63"
"239,""2019-09-01"",""16:00:00"",""16:15:00"",""D"",""LineaD_9Julio_N_Turn01"",6,""9 DE JULIO"",15,0,2,17"
"240,""2019-09-01"",""16:00:00"",""16:15:00"",""D"",""LineaD_9Julio_S_Turn01"",6,""9 DE JULIO"",30,0,2,32"
"241,""2019-09-01"",""16:00:00"",""16:15:00"",""D"",""LineaD_9Julio_N_Turn02"",6,""9 DE JULIO"",10,0,0,10"
"242,""2019-09-01"",""16:00:00"",""16:15:00"",""D"",""LineaD_9Julio_SO_Turn02"",6,""9 DE JULIO"",45,0,4,49"
"243,""2019-09-01"",""16:00:00"",""16:15:00"",""D"",""LineaD_9Julio_S_Turn02"",6,""9 DE JULIO"",24,0,0,24"
"244,""2019-09-01"",""16:00:00"",""16:15:00"",""D"",""LineaD_9Julio_S_Turn03"",6,""9 DE JULIO"",9,0,1,10"
"245,""2019-09-01"",""16:00:00"",""16:15:00"",""D"",""LineaD_9Julio_SO_Turn01"",6,""9 DE JULIO"",51,0,0,51"
"246,""2019-09-01"",""16:15:00"",""16:30:00"",""D"",""LineaD_9Julio_N_Turn02"",6,""9 DE JULIO"",9,0,0,9"
"247,""2019-09-01"",""16:15:00"",""16:30:00"",""D"",""LineaD_9Julio_S_Turn01"",6,""9 DE JULIO"",54,0,0,54"
"248,""2019-09-01"",""16:15:00"",""16:30:00"",""D"",""LineaD_9Julio_SO_Turn02"",6,""9 DE JULIO"",46,0,3,49"
"249,""2019-09-01"",""16:15:00"",""16:30:00"",""D"",""LineaD_9Julio_N_Turn01"",6,""9 DE JULIO"",10,0,0,10"
"250,""2019-09-01"",""16:15:00"",""16:30:00"",""D"",""LineaD_9Julio_S_Turn02"",6,""9 DE JULIO"",17,0,0,17"
"251,""2019-09-01"",""16:15:00"",""16:30:00"",""D"",""LineaD_9Julio_S_Turn03"",6,""9 DE JULIO"",3,0,0,3"
"252,""2019-09-01"",""16:15:00"",""16:30:00"",""D"",""LineaD_9Julio_SO_Turn01"",6,""9 DE JULIO"",62,0,3,65"
"253,""2019-09-01"",""16:30:00"",""16:45:00"",""D"",""LineaD_9Julio_N_Turn02"",6,""9 DE JULIO"",7,0,0,7"
"254,""2019-09-01"",""16:30:00"",""16:45:00"",""D"",""LineaD_9Julio_S_Turn02"",6,""9 DE JULIO"",14,1,1,16"
"255,""2019-09-01"",""16:30:00"",""16:45:00"",""D"",""LineaD_9Julio_SO_Turn02"",6,""9 DE JULIO"",34,0,1,35"
"256,""2019-09-01"",""16:30:00"",""16:45:00"",""D"",""LineaD_9Julio_SO_Turn01"",6,""9 DE JULIO"",54,0,1,55"
"257,""2019-09-01"",""16:30:00"",""16:45:00"",""D"",""LineaD_9Julio_S_Turn03"",6,""9 DE JULIO"",2,0,2,4"
"258,""2019-09-01"",""16:30:00"",""16:45:00"",""D"",""LineaD_9Julio_N_Turn01"",6,""9 DE JULIO"",15,0,0,15"
"259,""2019-09-01"",""16:30:00"",""16:45:00"",""D"",""LineaD_9Julio_S_Turn01"",6,""9 DE JULIO"",24,0,2,26"
"260,""2019-09-01"",""16:45:00"",""17:00:00"",""D"",""LineaD_9Julio_S_Turn01"",6,""9 DE JULIO"",36,0,0,36"
"261,""2019-09-01"",""16:45:00"",""17:00:00"",""D"",""LineaD_9Julio_N_Turn01"",6,""9 DE JULIO"",20,0,1,21"
"262,""2019-09-01"",""16:45:00"",""17:00:00"",""D"",""LineaD_9Julio_N_Turn02"",6,""9 DE JULIO"",14,0,0,14"
"263,""2019-09-01"",""16:45:00"",""17:00:00"",""D"",""LineaD_9Julio_SO_Turn02"",6,""9 DE JULIO"",49,0,0,49"
"264,""2019-09-01"",""16:45:00"",""17:00:00"",""D"",""LineaD_9Julio_S_Turn03"",6,""9 DE JULIO"",5,0,0,5"
"265,""2019-09-01"",""16:45:00"",""17:00:00"",""D"",""LineaD_9Julio_SO_Turn01"",6,""9 DE JULIO"",53,0,0,53"
"266,""2019-09-01"",""16:45:00"",""17:00:00"",""D"",""LineaD_9Julio_S_Turn02"",6,""9 DE JULIO"",20,0,0,20"
"267,""2019-09-01"",""17:00:00"",""17:15:00"",""D"",""LineaD_9Julio_S_Turn01"",6,""9 DE JULIO"",41,0,1,42"
"268,""2019-09-01"",""17:00:00"",""17:15:00"",""D"",""LineaD_9Julio_N_Turn01"",6,""9 DE JULIO"",22,0,0,22"
"269,""2019-09-01"",""17:00:00"",""17:15:00"",""D"",""LineaD_9Julio_SO_Turn01"",6,""9 DE JULIO"",76,0,0,76"
"270,""2019-09-01"",""17:00:00"",""17:15:00"",""D"",""LineaD_9Julio_N_Turn02"",6,""9 DE JULIO"",16,0,0,16"
"271,""2019-09-01"",""17:00:00"",""17:15:00"",""D"",""LineaD_9Julio_S_Turn03"",6,""9 DE JULIO"",8,0,0,8"
"272,""2019-09-01"",""17:00:00"",""17:15:00"",""D"",""LineaD_9Julio_S_Turn02"",6,""9 DE JULIO"",29,0,0,29"
"273,""2019-09-01"",""17:00:00"",""17:15:00"",""D"",""LineaD_9Julio_SO_Turn02"",6,""9 DE JULIO"",56,0,1,57"
"274,""2019-09-01"",""17:15:00"",""17:30:00"",""D"",""LineaD_9Julio_N_Turn01"",6,""9 DE JULIO"",21,0,0,21"
"275,""2019-09-01"",""17:15:00"",""17:30:00"",""D"",""LineaD_9Julio_S_Turn02"",6,""9 DE JULIO"",39,0,2,41"
"276,""2019-09-01"",""17:15:00"",""17:30:00"",""D"",""LineaD_9Julio_SO_Turn01"",6,""9 DE JULIO"",74,0,3,77"
"277,""2019-09-01"",""17:15:00"",""17:30:00"",""D"",""LineaD_9Julio_N_Turn02"",6,""9 DE JULIO"",11,0,1,12"
"278,""2019-09-01"",""17:15:00"",""17:30:00"",""D"",""LineaD_9Julio_S_Turn03"",6,""9 DE JULIO"",8,0,0,8"
"279,""2019-09-01"",""17:15:00"",""17:30:00"",""D"",""LineaD_9Julio_S_Turn01"",6,""9 DE JULIO"",33,0,2,35"
"280,""2019-09-01"",""17:15:00"",""17:30:00"",""D"",""LineaD_9Julio_SO_Turn02"",6,""9 DE JULIO"",54,0,0,54"
"281,""2019-09-01"",""17:30:00"",""17:45:00"",""D"",""LineaD_9Julio_N_Turn01"",6,""9 DE JULIO"",14,0,0,14"
"282,""2019-09-01"",""17:30:00"",""17:45:00"",""D"",""LineaD_9Julio_SO_Turn02"",6,""9 DE JULIO"",57,0,0,57"
"283,""2019-09-01"",""17:30:00"",""17:45:00"",""D"",""LineaD_9Julio_SO_Turn01"",6,""9 DE JULIO"",70,0,4,74"
"284,""2019-09-01"",""17:30:00"",""17:45:00"",""D"",""LineaD_9Julio_S_Turn01"",6,""9 DE JULIO"",57,0,0,57"
"285,""2019-09-01"",""17:30:00"",""17:45:00"",""D"",""LineaD_9Julio_S_Turn02"",6,""9 DE JULIO"",38,0,0,38"
"286,""2019-09-01"",""17:30:00"",""17:45:00"",""D"",""LineaD_9Julio_N_Turn02"",6,""9 DE JULIO"",15,0,0,15"
"287,""2019-09-01"",""17:30:00"",""17:45:00"",""D"",""LineaD_9Julio_S_Turn03"",6,""9 DE JULIO"",12,1,2,15"
"288,""2019-09-01"",""17:45:00"",""18:00:00"",""D"",""LineaD_9Julio_S_Turn02"",6,""9 DE JULIO"",33,0,2,35"
"289,""2019-09-01"",""17:45:00"",""18:00:00"",""D"",""LineaD_9Julio_SO_Turn02"",6,""9 DE JULIO"",43,0,0,43"
"290,""2019-09-01"",""17:45:00"",""18:00:00"",""D"",""LineaD_9Julio_S_Turn03"",6,""9 DE JULIO"",8,0,0,8"
"291,""2019-09-01"",""17:45:00"",""18:00:00"",""D"",""LineaD_9Julio_SO_Turn01"",6,""9 DE JULIO"",69,0,1,70"
"292,""2019-09-01"",""17:45:00"",""18:00:00"",""D"",""LineaD_9Julio_N_Turn02"",6,""9 DE JULIO"",10,0,0,10"
"293,""2019-09-01"",""17:45:00"",""18:00:00"",""D"",""LineaD_9Julio_S_Turn01"",6,""9 DE JULIO"",60,1,1,62"
"294,""2019-09-01"",""17:45:00"",""18:00:00"",""D"",""LineaD_9Julio_N_Turn01"",6,""9 DE JULIO"",18,0,0,18"
"295,""2019-09-01"",""18:00:00"",""18:15:00"",""D"",""LineaD_9Julio_SO_Turn02"",6,""9 DE JULIO"",75,0,3,78"
"296,""2019-09-01"",""18:00:00"",""18:15:00"",""D"",""LineaD_9Julio_S_Turn01"",6,""9 DE JULIO"",72,0,1,73"
"297,""2019-09-01"",""18:00:00"",""18:15:00"",""D"",""LineaD_9Julio_SO_Turn01"",6,""9 DE JULIO"",101,0,1,102"
"298,""2019-09-01"",""18:00:00"",""18:15:00"",""D"",""LineaD_9Julio_S_Turn03"",6,""9 DE JULIO"",20,0,0,20"
"299,""2019-09-01"",""18:00:00"",""18:15:00"",""D"",""LineaD_9Julio_N_Turn02"",6,""9 DE JULIO"",24,0,2,26"
"300,""2019-09-01"",""18:00:00"",""18:15:00"",""D"",""LineaD_9Julio_S_Turn02"",6,""9 DE JULIO"",49,0,1,50"
"301,""2019-09-01"",""18:00:00"",""18:15:00"",""D"",""LineaD_9Julio_N_Turn01"",6,""9 DE JULIO"",34,1,0,35"
"302,""2019-09-01"",""18:15:00"",""18:30:00"",""D"",""LineaD_9Julio_SO_Turn02"",6,""9 DE JULIO"",60,0,0,60"
"303,""2019-09-01"",""18:15:00"",""18:30:00"",""D"",""LineaD_9Julio_S_Turn01"",6,""9 DE JULIO"",63,0,2,65"
"304,""2019-09-01"",""18:15:00"",""18:30:00"",""D"",""LineaD_9Julio_N_Turn01"",6,""9 DE JULIO"",15,0,0,15"
"305,""2019-09-01"",""18:15:00"",""18:30:00"",""D"",""LineaD_9Julio_SO_Turn01"",6,""9 DE JULIO"",83,0,1,84"
"306,""2019-09-01"",""18:15:00"",""18:30:00"",""D"",""LineaD_9Julio_S_Turn03"",6,""9 DE JULIO"",15,0,0,15"
"307,""2019-09-01"",""18:15:00"",""18:30:00"",""D"",""LineaD_9Julio_S_Turn02"",6,""9 DE JULIO"",38,0,0,38"
"308,""2019-09-01"",""18:15:00"",""18:30:00"",""D"",""LineaD_9Julio_N_Turn02"",6,""9 DE JULIO"",21,0,0,21"
"309,""2019-09-01"",""18:30:00"",""18:45:00"",""D"",""LineaD_9Julio_SO_Turn02"",6,""9 DE JULIO"",61,1,1,63"
"310,""2019-09-01"",""18:30:00"",""18:45:00"",""D"",""LineaD_9Julio_N_Turn01"",6,""9 DE JULIO"",10,0,0,10"
"311,""2019-09-01"",""18:30:00"",""18:45:00"",""D"",""LineaD_9Julio_S_Turn02"",6,""9 DE JULIO"",32,0,1,33"
"312,""2019-09-01"",""18:30:00"",""18:45:00"",""D"",""LineaD_9Julio_S_Turn01"",6,""9 DE JULIO"",40,0,1,41"
"313,""2019-09-01"",""18:30:00"",""18:45:00"",""D"",""LineaD_9Julio_N_Turn02"",6,""9 DE JULIO"",12,0,0,12"
"314,""2019-09-01"",""18:30:00"",""18:45:00"",""D"",""LineaD_9Julio_S_Turn03"",6,""9 DE JULIO"",12,0,0,12"
"315,""2019-09-01"",""18:30:00"",""18:45:00"",""D"",""LineaD_9Julio_SO_Turn01"",6,""9 DE JULIO"",77,0,1,78"
"316,""2019-09-01"",""18:45:00"",""19:00:00"",""D"",""LineaD_9Julio_N_Turn02"",6,""9 DE JULIO"",4,0,0,4"
"317,""2019-09-01"",""18:45:00"",""19:00:00"",""D"",""LineaD_9Julio_SO_Turn02"",6,""9 DE JULIO"",37,0,0,37"
"318,""2019-09-01"",""18:45:00"",""19:00:00"",""D"",""LineaD_9Julio_S_Turn02"",6,""9 DE JULIO"",30,0,0,30"
"319,""2019-09-01"",""18:45:00"",""19:00:00"",""D"",""LineaD_9Julio_S_Turn01"",6,""9 DE JULIO"",37,0,0,37"
"320,""2019-09-01"",""18:45:00"",""19:00:00"",""D"",""LineaD_9Julio_N_Turn01"",6,""9 DE JULIO"",11,0,0,11"
"321,""2019-09-01"",""18:45:00"",""19:00:00"",""D"",""LineaD_9Julio_S_Turn03"",6,""9 DE JULIO"",8,0,1,9"
"322,""2019-09-01"",""18:45:00"",""19:00:00"",""D"",""LineaD_9Julio_SO_Turn01"",6,""9 DE JULIO"",68,0,0,68"
"323,""2019-09-01"",""19:00:00"",""19:15:00"",""D"",""LineaD_9Julio_S_Turn03"",6,""9 DE JULIO"",4,0,0,4"
"324,""2019-09-01"",""19:00:00"",""19:15:00"",""D"",""LineaD_9Julio_S_Turn02"",6,""9 DE JULIO"",25,0,0,25"
"325,""2019-09-01"",""19:00:00"",""19:15:00"",""D"",""LineaD_9Julio_SO_Turn02"",6,""9 DE JULIO"",27,0,0,27"
"326,""2019-09-01"",""19:00:00"",""19:15:00"",""D"",""LineaD_9Julio_N_Turn01"",6,""9 DE JULIO"",17,0,1,18"
"327,""2019-09-01"",""19:00:00"",""19:15:00"",""D"",""LineaD_9Julio_SO_Turn01"",6,""9 DE JULIO"",51,0,2,53"
"328,""2019-09-01"",""19:00:00"",""19:15:00"",""D"",""LineaD_9Julio_S_Turn01"",6,""9 DE JULIO"",35,0,0,35"
"329,""2019-09-01"",""19:00:00"",""19:15:00"",""D"",""LineaD_9Julio_N_Turn02"",6,""9 DE JULIO"",0,0,0,0"
"330,""2019-09-01"",""19:15:00"",""19:30:00"",""D"",""LineaD_9Julio_S_Turn01"",6,""9 DE JULIO"",25,0,0,25"
"331,""2019-09-01"",""19:15:00"",""19:30:00"",""D"",""LineaD_9Julio_SO_Turn02"",6,""9 DE JULIO"",16,0,1,17"
"332,""2019-09-01"",""19:15:00"",""19:30:00"",""D"",""LineaD_9Julio_N_Turn01"",6,""9 DE JULIO"",8,0,1,9"
"333,""2019-09-01"",""19:15:00"",""19:30:00"",""D"",""LineaD_9Julio_S_Turn03"",6,""9 DE JULIO"",2,0,1,3"
"334,""2019-09-01"",""19:15:00"",""19:30:00"",""D"",""LineaD_9Julio_SO_Turn01"",6,""9 DE JULIO"",38,0,2,40"
"335,""2019-09-01"",""19:15:00"",""19:30:00"",""D"",""LineaD_9Julio_N_Turn02"",6,""9 DE JULIO"",1,0,0,1"
"336,""2019-09-01"",""19:15:00"",""19:30:00"",""D"",""LineaD_9Julio_S_Turn02"",6,""9 DE JULIO"",11,0,1,12"
"337,""2019-09-01"",""19:30:00"",""19:45:00"",""D"",""LineaD_9Julio_S_Turn02"",6,""9 DE JULIO"",20,0,0,20"
"338,""2019-09-01"",""19:30:00"",""19:45:00"",""D"",""LineaD_9Julio_S_Turn03"",6,""9 DE JULIO"",7,0,0,7"
"339,""2019-09-01"",""19:30:00"",""19:45:00"",""D"",""LineaD_9Julio_SO_Turn01"",6,""9 DE JULIO"",29,0,2,31"
"340,""2019-09-01"",""19:30:00"",""19:45:00"",""D"",""LineaD_9Julio_N_Turn02"",6,""9 DE JULIO"",4,0,0,4"
"341,""2019-09-01"",""19:30:00"",""19:45:00"",""D"",""LineaD_9Julio_SO_Turn02"",6,""9 DE JULIO"",12,0,2,14"
"342,""2019-09-01"",""19:30:00"",""19:45:00"",""D"",""LineaD_9Julio_N_Turn01"",6,""9 DE JULIO"",3,0,0,3"
"343,""2019-09-01"",""19:30:00"",""19:45:00"",""D"",""LineaD_9Julio_S_Turn01"",6,""9 DE JULIO"",23,0,0,23"
"344,""2019-09-01"",""19:45:00"",""20:00:00"",""D"",""LineaD_9Julio_SO_Turn02"",6,""9 DE JULIO"",0,0,1,1"
"345,""2019-09-01"",""19:45:00"",""20:00:00"",""D"",""LineaD_9Julio_S_Turn02"",6,""9 DE JULIO"",16,0,1,17"
"346,""2019-09-01"",""19:45:00"",""20:00:00"",""D"",""LineaD_9Julio_S_Turn03"",6,""9 DE JULIO"",2,0,0,2"
"347,""2019-09-01"",""19:45:00"",""20:00:00"",""D"",""LineaD_9Julio_N_Turn02"",6,""9 DE JULIO"",4,0,0,4"
"348,""2019-09-01"",""19:45:00"",""20:00:00"",""D"",""LineaD_9Julio_SO_Turn01"",6,""9 DE JULIO"",1,0,0,1"
"349,""2019-09-01"",""19:45:00"",""20:00:00"",""D"",""LineaD_9Julio_N_Turn01"",6,""9 DE JULIO"",16,0,0,16"
"350,""2019-09-01"",""19:45:00"",""20:00:00"",""D"",""LineaD_9Julio_S_Turn01"",6,""9 DE JULIO"",34,0,0,34"
"351,""2019-09-01"",""20:00:00"",""20:15:00"",""D"",""LineaD_9Julio_N_Turn01"",6,""9 DE JULIO"",11,0,0,11"
"352,""2019-09-01"",""20:00:00"",""20:15:00"",""D"",""LineaD_9Julio_S_Turn02"",6,""9 DE JULIO"",14,0,0,14"
"353,""2019-09-01"",""20:00:00"",""20:15:00"",""D"",""LineaD_9Julio_N_Turn02"",6,""9 DE JULIO"",5,0,1,6"
"354,""2019-09-01"",""20:00:00"",""20:15:00"",""D"",""LineaD_9Julio_S_Turn01"",6,""9 DE JULIO"",27,0,2,29"
"355,""2019-09-01"",""20:00:00"",""20:15:00"",""D"",""LineaD_9Julio_S_Turn03"",6,""9 DE JULIO"",6,0,0,6"
"356,""2019-09-01"",""20:15:00"",""20:30:00"",""D"",""LineaD_9Julio_S_Turn02"",6,""9 DE JULIO"",14,0,0,14"
"357,""2019-09-01"",""20:15:00"",""20:30:00"",""D"",""LineaD_9Julio_N_Turn02"",6,""9 DE JULIO"",1,0,0,1"
"358,""2019-09-01"",""20:15:00"",""20:30:00"",""D"",""LineaD_9Julio_S_Turn01"",6,""9 DE JULIO"",26,0,1,27"
"359,""2019-09-01"",""20:15:00"",""20:30:00"",""D"",""LineaD_9Julio_N_Turn01"",6,""9 DE JULIO"",7,0,0,7"
"360,""2019-09-01"",""20:15:00"",""20:30:00"",""D"",""LineaD_9Julio_S_Turn03"",6,""9 DE JULIO"",5,0,0,5"
"361,""2019-09-01"",""20:30:00"",""20:45:00"",""D"",""LineaD_9Julio_S_Turn02"",6,""9 DE JULIO"",9,0,0,9"
"362,""2019-09-01"",""20:30:00"",""20:45:00"",""D"",""LineaD_9Julio_N_Turn02"",6,""9 DE JULIO"",2,0,1,3"
"363,""2019-09-01"",""20:30:00"",""20:45:00"",""D"",""LineaD_9Julio_S_Turn01"",6,""9 DE JULIO"",21,0,0,21"
"364,""2019-09-01"",""20:30:00"",""20:45:00"",""D"",""LineaD_9Julio_N_Turn01"",6,""9 DE JULIO"",5,0,1,6"
"365,""2019-09-01"",""20:45:00"",""21:00:00"",""D"",""LineaD_9Julio_S_Turn02"",6,""9 DE JULIO"",12,0,0,12"
"366,""2019-09-01"",""20:45:00"",""21:00:00"",""D"",""LineaD_9Julio_S_Turn03"",6,""9 DE JULIO"",2,0,0,2"
"367,""2019-09-01"",""20:45:00"",""21:00:00"",""D"",""LineaD_9Julio_S_Turn01"",6,""9 DE JULIO"",20,0,0,20"
"368,""2019-09-01"",""20:45:00"",""21:00:00"",""D"",""LineaD_9Julio_N_Turn02"",6,""9 DE JULIO"",5,0,0,5"
"369,""2019-09-01"",""20:45:00"",""21:00:00"",""D"",""LineaD_9Julio_N_Turn01"",6,""9 DE JULIO"",8,0,0,8"
"370,""2019-09-01"",""21:00:00"",""21:15:00"",""D"",""LineaD_9Julio_N_Turn02"",6,""9 DE JULIO"",5,0,0,5"
"371,""2019-09-01"",""21:00:00"",""21:15:00"",""D"",""LineaD_9Julio_S_Turn02"",6,""9 DE JULIO"",17,0,1,18"
"372,""2019-09-01"",""21:00:00"",""21:15:00"",""D"",""LineaD_9Julio_S_Turn01"",6,""9 DE JULIO"",21,0,0,21"
"373,""2019-09-01"",""21:00:00"",""21:15:00"",""D"",""LineaD_9Julio_N_Turn01"",6,""9 DE JULIO"",17,0,0,17"
"374,""2019-09-01"",""21:00:00"",""21:15:00"",""D"",""LineaD_9Julio_S_Turn03"",6,""9 DE JULIO"",5,0,0,5"
"375,""2019-09-01"",""21:15:00"",""21:30:00"",""D"",""LineaD_9Julio_N_Turn02"",6,""9 DE JULIO"",3,0,0,3"
"376,""2019-09-01"",""21:15:00"",""21:30:00"",""D"",""LineaD_9Julio_S_Turn02"",6,""9 DE JULIO"",9,0,0,9"
"377,""2019-09-01"",""21:15:00"",""21:30:00"",""D"",""LineaD_9Julio_S_Turn03"",6,""9 DE JULIO"",3,0,0,3"
"378,""2019-09-01"",""21:15:00"",""21:30:00"",""D"",""LineaD_9Julio_N_Turn01"",6,""9 DE JULIO"",6,0,0,6"
"379,""2019-09-01"",""21:15:00"",""21:30:00"",""D"",""LineaD_9Julio_S_Turn01"",6,""9 DE JULIO"",15,0,0,15"
"380,""2019-09-01"",""21:30:00"",""21:45:00"",""D"",""LineaD_9Julio_S_Turn01"",6,""9 DE JULIO"",11,0,1,12"
"381,""2019-09-01"",""21:30:00"",""21:45:00"",""D"",""LineaD_9Julio_N_Turn02"",6,""9 DE JULIO"",2,0,0,2"
"382,""2019-09-01"",""21:30:00"",""21:45:00"",""D"",""LineaD_9Julio_S_Turn03"",6,""9 DE JULIO"",0,0,1,1"
"383,""2019-09-01"",""21:30:00"",""21:45:00"",""D"",""LineaD_9Julio_N_Turn01"",6,""9 DE JULIO"",5,0,0,5"
"384,""2019-09-01"",""21:30:00"",""21:45:00"",""D"",""LineaD_9Julio_S_Turn02"",6,""9 DE JULIO"",13,0,2,15"
"385,""2019-09-01"",""21:45:00"",""22:00:00"",""D"",""LineaD_9Julio_S_Turn01"",6,""9 DE JULIO"",5,0,0,5"
"386,""2019-09-01"",""21:45:00"",""22:00:00"",""D"",""LineaD_9Julio_S_Turn03"",6,""9 DE JULIO"",0,0,0,0"
"387,""2019-09-01"",""21:45:00"",""22:00:00"",""D"",""LineaD_9Julio_N_Turn01"",6,""9 DE JULIO"",4,0,0,4"
"388,""2019-09-01"",""21:45:00"",""22:00:00"",""D"",""LineaD_9Julio_S_Turn02"",6,""9 DE JULIO"",5,0,0,5"
"389,""2019-09-01"",""22:00:00"",""22:15:00"",""D"",""LineaD_9Julio_S_Turn01"",6,""9 DE JULIO"",8,0,0,8"
"390,""2019-09-01"",""22:00:00"",""22:15:00"",""D"",""LineaD_9Julio_S_Turn03"",6,""9 DE JULIO"",3,0,0,3"
"391,""2019-09-01"",""22:00:00"",""22:15:00"",""D"",""LineaD_9Julio_N_Turn01"",6,""9 DE JULIO"",2,0,0,2"
"392,""2019-09-01"",""22:00:00"",""22:15:00"",""D"",""LineaD_9Julio_S_Turn02"",6,""9 DE JULIO"",9,0,0,9"
"393,""2019-09-01"",""22:15:00"",""22:30:00"",""D"",""LineaD_9Julio_N_Turn01"",6,""9 DE JULIO"",3,0,2,5"
"394,""2019-09-01"",""22:15:00"",""22:30:00"",""D"",""LineaD_9Julio_S_Turn01"",6,""9 DE JULIO"",9,0,0,9"
"395,""2019-09-01"",""22:15:00"",""22:30:00"",""D"",""LineaD_9Julio_N_Turn02"",6,""9 DE JULIO"",1,0,0,1"
"396,""2019-09-01"",""22:15:00"",""22:30:00"",""D"",""LineaD_9Julio_S_Turn02"",6,""9 DE JULIO"",8,0,0,8"
"397,""2019-09-01"",""22:30:00"",""22:45:00"",""D"",""LineaD_9Julio_S_Turn01"",6,""9 DE JULIO"",4,0,0,4"
"398,""2019-09-01"",""22:30:00"",""22:45:00"",""D"",""LineaD_9Julio_N_Turn02"",6,""9 DE JULIO"",1,0,0,1"
"399,""2019-09-01"",""22:30:00"",""22:45:00"",""D"",""LineaD_9Julio_S_Turn02"",6,""9 DE JULIO"",5,0,0,5"
"400,""2019-09-01"",""22:45:00"",""23:00:00"",""D"",""LineaD_9Julio_N_Turn01"",6,""9 DE JULIO"",1,0,0,1"
"401,""2019-09-01"",""22:45:00"",""23:00:00"",""D"",""LineaD_9Julio_S_Turn01"",6,""9 DE JULIO"",2,0,0,2"
"402,""2019-09-01"",""22:45:00"",""23:00:00"",""D"",""LineaD_9Julio_S_Turn03"",6,""9 DE JULIO"",1,0,0,1"
"403,""2019-09-01"",""22:45:00"",""23:00:00"",""D"",""LineaD_9Julio_N_Turn02"",6,""9 DE JULIO"",1,0,0,1"
"404,""2019-09-01"",""22:45:00"",""23:00:00"",""D"",""LineaD_9Julio_S_Turn02"",6,""9 DE JULIO"",2,0,0,2"
"405,""2019-09-01"",""23:00:00"",""23:15:00"",""D"",""LineaD_9Julio_N_Turn01"",6,""9 DE JULIO"",2,0,0,2"
"406,""2019-09-01"",""23:00:00"",""23:15:00"",""D"",""LineaD_9Julio_S_Turn01"",6,""9 DE JULIO"",4,0,0,4"
"407,""2019-09-01"",""23:00:00"",""23:15:00"",""D"",""LineaD_9Julio_S_Turn02"",6,""9 DE JULIO"",2,0,0,2"
"408,""2019-09-01"",""23:15:00"",""23:30:00"",""D"",""LineaD_9Julio_S_Turn01"",6,""9 DE JULIO"",2,0,0,2"
"409,""2019-09-01"",""23:15:00"",""23:30:00"",""D"",""LineaD_9Julio_S_Turn02"",6,""9 DE JULIO"",2,0,0,2"
"410,""2019-09-01"",""23:30:00"",""23:45:00"",""D"",""LineaD_9Julio_S_Turn01"",6,""9 DE JULIO"",0,0,0,0"
"411,""2019-09-02"",""05:30:00"",""05:45:00"",""D"",""LineaD_9Julio_S_Turn01"",6,""9 DE JULIO"",0,0,0,0"
"412,""2019-09-02"",""05:30:00"",""05:45:00"",""D"",""LineaD_9Julio_S_Turn02"",6,""9 DE JULIO"",0,0,0,0"
"413,""2019-09-02"",""06:00:00"",""06:15:00"",""D"",""LineaD_9Julio_S_Turn02"",6,""9 DE JULIO"",2,0,0,2"
"414,""2019-09-02"",""06:00:00"",""06:15:00"",""D"",""LineaD_9Julio_S_Turn03"",6,""9 DE JULIO"",1,0,0,1"
"415,""2019-09-02"",""06:00:00"",""06:15:00"",""D"",""LineaD_9Julio_S_Turn01"",6,""9 DE JULIO"",4,0,0,4"
"416,""2019-09-02"",""06:15:00"",""06:30:00"",""D"",""LineaD_9Julio_S_Turn02"",6,""9 DE JULIO"",1,0,0,1"
"417,""2019-09-02"",""06:15:00"",""06:30:00"",""D"",""LineaD_9Julio_S_Turn03"",6,""9 DE JULIO"",1,0,0,1"
"418,""2019-09-02"",""06:15:00"",""06:30:00"",""D"",""LineaD_9Julio_S_Turn01"",6,""9 DE JULIO"",3,0,0,3"
"419,""2019-09-02"",""06:30:00"",""06:45:00"",""D"",""LineaD_9Julio_S_Turn03"",6,""9 DE JULIO"",4,0,0,4"
"420,""2019-09-02"",""06:30:00"",""06:45:00"",""D"",""LineaD_9Julio_S_Turn02"",6,""9 DE JULIO"",3,0,0,3"
"421,""2019-09-02"",""06:30:00"",""06:45:00"",""D"",""LineaD_9Julio_S_Turn01"",6,""9 DE JULIO"",1,0,0,1"
"422,""2019-09-02"",""06:45:00"",""07:00:00"",""D"",""LineaD_9Julio_S_Turn02"",6,""9 DE JULIO"",4,0,0,4"
"423,""2019-09-02"",""06:45:00"",""07:00:00"",""D"",""LineaD_9Julio_N_Turn02"",6,""9 DE JULIO"",1,0,0,1"
"424,""2019-09-02"",""06:45:00"",""07:00:00"",""D"",""LineaD_9Julio_S_Turn01"",6,""9 DE JULIO"",7,0,0,7"
"425,""2019-09-02"",""07:00:00"",""07:15:00"",""D"",""LineaD_9Julio_S_Turn01"",6,""9 DE JULIO"",7,0,0,7"
"426,""2019-09-02"",""07:00:00"",""07:15:00"",""D"",""LineaD_9Julio_S_Turn02"",6,""9 DE JULIO"",5,0,0,5"
"427,""2019-09-02"",""07:15:00"",""07:30:00"",""D"",""LineaD_9Julio_S_Turn01"",6,""9 DE JULIO"",6,0,0,6"
"428,""2019-09-02"",""07:15:00"",""07:30:00"",""D"",""LineaD_9Julio_S_Turn03"",6,""9 DE JULIO"",1,0,0,1"
"429,""2019-09-02"",""07:15:00"",""07:30:00"",""D"",""LineaD_9Julio_S_Turn02"",6,""9 DE JULIO"",6,0,0,6"
"430,""2019-09-02"",""07:30:00"",""07:45:00"",""D"",""LineaD_9Julio_S_Turn03"",6,""9 DE JULIO"",1,0,0,1"
"431,""2019-09-02"",""07:30:00"",""07:45:00"",""D"",""LineaD_9Julio_S_Turn02"",6,""9 DE JULIO"",6,0,0,6"
"432,""2019-09-02"",""07:30:00"",""07:45:00"",""D"",""LineaD_9Julio_N_Turn01"",6,""9 DE JULIO"",3,0,0,3"
"433,""2019-09-02"",""07:30:00"",""07:45:00"",""D"",""LineaD_9Julio_S_Turn01"",6,""9 DE JULIO"",8,0,0,8"
"434,""2019-09-02"",""07:45:00"",""08:00:00"",""D"",""LineaD_9Julio_S_Turn01"",6,""9 DE JULIO"",8,0,0,8"
"435,""2019-09-02"",""07:45:00"",""08:00:00"",""D"",""LineaD_9Julio_N_Turn02"",6,""9 DE JULIO"",1,0,0,1"
"436,""2019-09-02"",""07:45:00"",""08:00:00"",""D"",""LineaD_9Julio_S_Turn02"",6,""9 DE JULIO"",3,0,0,3"
"437,""2019-09-02"",""07:45:00"",""08:00:00"",""D"",""LineaD_9Julio_N_Turn01"",6,""9 DE JULIO"",1,0,0,1"
"438,""2019-09-02"",""07:45:00"",""08:00:00"",""D"",""LineaD_9Julio_S_Turn03"",6,""9 DE JULIO"",2,0,0,2"
"439,""2019-09-02"",""08:00:00"",""08:15:00"",""D"",""LineaD_9Julio_S_Turn02"",6,""9 DE JULIO"",7,0,0,7"
"440,""2019-09-02"",""08:00:00"",""08:15:00"",""D"",""LineaD_9Julio_N_Turn01"",6,""9 DE JULIO"",2,0,0,2"
"441,""2019-09-02"",""08:00:00"",""08:15:00"",""D"",""LineaD_9Julio_S_Turn01"",6,""9 DE JULIO"",9,0,0,9"
"442,""2019-09-02"",""08:15:00"",""08:30:00"",""D"",""LineaD_9Julio_S_Turn02"",6,""9 DE JULIO"",7,0,0,7"
"443,""2019-09-02"",""08:15:00"",""08:30:00"",""D"",""LineaD_9Julio_N_Turn01"",6,""9 DE JULIO"",1,0,0,1"
"444,""2019-09-02"",""08:15:00"",""08:30:00"",""D"",""LineaD_9Julio_S_Turn01"",6,""9 DE JULIO"",11,0,0,11"
"445,""2019-09-02"",""08:30:00"",""08:45:00"",""D"",""LineaD_9Julio_S_Turn01"",6,""9 DE JULIO"",15,0,0,15"
"446,""2019-09-02"",""08:30:00"",""08:45:00"",""D"",""LineaD_9Julio_N_Turn01"",6,""9 DE JULIO"",2,0,0,2"
"447,""2019-09-02"",""08:30:00"",""08:45:00"",""D"",""LineaD_9Julio_S_Turn02"",6,""9 DE JULIO"",13,0,0,13"
"448,""2019-09-02"",""08:30:00"",""08:45:00"",""D"",""LineaD_9Julio_S_Turn03"",6,""9 DE JULIO"",4,0,0,4"
"449,""2019-09-02"",""08:45:00"",""09:00:00"",""D"",""LineaD_9Julio_S_Turn01"",6,""9 DE JULIO"",4,0,0,4"
"450,""2019-09-02"",""08:45:00"",""09:00:00"",""D"",""LineaD_9Julio_S_Turn03"",6,""9 DE JULIO"",1,0,0,1"
"451,""2019-09-02"",""08:45:00"",""09:00:00"",""D"",""LineaD_9Julio_S_Turn02"",6,""9 DE JULIO"",7,0,0,7"
"452,""2019-09-02"",""08:45:00"",""09:00:00"",""D"",""LineaD_9Julio_N_Turn02"",6,""9 DE JULIO"",1,0,0,1"
"453,""2019-09-02"",""09:00:00"",""09:15:00"",""D"",""LineaD_9Julio_S_Turn03"",6,""9 DE JULIO"",2,0,0,2"
"454,""2019-09-02"",""09:00:00"",""09:15:00"",""D"",""LineaD_9Julio_S_Turn02"",6,""9 DE JULIO"",12,0,0,12"
"455,""2019-09-02"",""09:00:00"",""09:15:00"",""D"",""LineaD_9Julio_S_Turn01"",6,""9 DE JULIO"",1,0,0,1"
"456,""2019-09-02"",""09:15:00"",""09:30:00"",""D"",""LineaD_9Julio_S_Turn02"",6,""9 DE JULIO"",12,0,0,12"
"457,""2019-09-02"",""09:15:00"",""09:30:00"",""D"",""LineaD_9Julio_S_Turn03"",6,""9 DE JULIO"",1,0,0,1"
"458,""2019-09-02"",""09:15:00"",""09:30:00"",""D"",""LineaD_9Julio_N_Turn01"",6,""9 DE JULIO"",1,0,0,1"
"459,""2019-09-02"",""09:15:00"",""09:30:00"",""D"",""LineaD_9Julio_S_Turn01"",6,""9 DE JULIO"",6,0,0,6"
"460,""2019-09-02"",""09:30:00"",""09:45:00"",""D"",""LineaD_9Julio_S_Turn01"",6,""9 DE JULIO"",13,0,1,14"
"461,""2019-09-02"",""09:30:00"",""09:45:00"",""D"",""LineaD_9Julio_N_Turn01"",6,""9 DE JULIO"",0,0,0,0"
"462,""2019-09-02"",""09:30:00"",""09:45:00"",""D"",""LineaD_9Julio_N_Turn02"",6,""9 DE JULIO"",0,0,0,0"
"463,""2019-09-02"",""09:30:00"",""09:45:00"",""D"",""LineaD_9Julio_S_Turn02"",6,""9 DE JULIO"",12,0,0,12"
"464,""2019-09-02"",""09:30:00"",""09:45:00"",""D"",""LineaD_9Julio_S_Turn03"",6,""9 DE JULIO"",1,0,0,1"
"465,""2019-09-02"",""09:45:00"",""10:00:00"",""D"",""LineaD_9Julio_S_Turn01"",6,""9 DE JULIO"",10,0,0,10"
"466,""2019-09-02"",""09:45:00"",""10:00:00"",""D"",""LineaD_9Julio_S_Turn02"",6,""9 DE JULIO"",8,0,0,8"
"467,""2019-09-02"",""09:45:00"",""10:00:00"",""D"",""LineaD_9Julio_N_Turn01"",6,""9 DE JULIO"",0,0,1,1"
"468,""2019-09-02"",""09:45:00"",""10:00:00"",""D"",""LineaD_9Julio_S_Turn03"",6,""9 DE JULIO"",5,0,0,5"
"469,""2019-09-02"",""10:00:00"",""10:15:00"",""D"",""LineaD_9Julio_N_Turn01"",6,""9 DE JULIO"",3,0,0,3"
"470,""2019-09-02"",""10:00:00"",""10:15:00"",""D"",""LineaD_9Julio_S_Turn01"",6,""9 DE JULIO"",4,0,0,4"
"471,""2019-09-02"",""10:00:00"",""10:15:00"",""D"",""LineaD_9Julio_N_Turn02"",6,""9 DE JULIO"",3,0,0,3"
"472,""2019-09-02"",""10:00:00"",""10:15:00"",""D"",""LineaD_9Julio_S_Turn03"",6,""9 DE JULIO"",1,0,0,1"
"473,""2019-09-02"",""10:00:00"",""10:15:00"",""D"",""LineaD_9Julio_S_Turn02"",6,""9 DE JULIO"",6,0,0,6"
"474,""2019-09-02"",""10:15:00"",""10:30:00"",""D"",""LineaD_9Julio_S_Turn01"",6,""9 DE JULIO"",1,0,0,1"
"475,""2019-09-02"",""10:15:00"",""10:30:00"",""D"",""LineaD_9Julio_N_Turn02"",6,""9 DE JULIO"",2,0,0,2"
"476,""2019-09-02"",""10:15:00"",""10:30:00"",""D"",""LineaD_9Julio_N_Turn01"",6,""9 DE JULIO"",2,0,0,2"
"477,""2019-09-02"",""10:15:00"",""10:30:00"",""D"",""LineaD_9Julio_S_Turn02"",6,""9 DE JULIO"",11,0,0,11"
"478,""2019-09-02"",""10:15:00"",""10:30:00"",""D"",""LineaD_9Julio_S_Turn03"",6,""9 DE JULIO"",2,0,0,2"
"479,""2019-09-02"",""10:30:00"",""10:45:00"",""D"",""LineaD_9Julio_S_Turn01"",6,""9 DE JULIO"",13,0,0,13"
"480,""2019-09-02"",""10:30:00"",""10:45:00"",""D"",""LineaD_9Julio_S_Turn03"",6,""9 DE JULIO"",2,0,0,2"
"481,""2019-09-02"",""10:30:00"",""10:45:00"",""D"",""LineaD_9Julio_N_Turn02"",6,""9 DE JULIO"",2,0,0,2"
"482,""2019-09-02"",""10:30:00"",""10:45:00"",""D"",""LineaD_9Julio_N_Turn01"",6,""9 DE JULIO"",3,0,0,3"
"483,""2019-09-02"",""10:30:00"",""10:45:00"",""D"",""LineaD_9Julio_S_Turn02"",6,""9 DE JULIO"",8,0,0,8"
"484,""2019-09-02"",""10:45:00"",""11:00:00"",""D"",""LineaD_9Julio_N_Turn01"",6,""9 DE JULIO"",2,0,0,2"
"485,""2019-09-02"",""10:45:00"",""11:00:00"",""D"",""LineaD_9Julio_S_Turn01"",6,""9 DE JULIO"",13,0,1,14"
"486,""2019-09-02"",""10:45:00"",""11:00:00"",""D"",""LineaD_9Julio_N_Turn02"",6,""9 DE JULIO"",4,0,0,4"
"487,""2019-09-02"",""10:45:00"",""11:00:00"",""D"",""LineaD_9Julio_S_Turn02"",6,""9 DE JULIO"",8,0,1,9"
"488,""2019-09-02"",""10:45:00"",""11:00:00"",""D"",""LineaD_9Julio_S_Turn03"",6,""9 DE JULIO"",0,0,0,0"
"489,""2019-09-02"",""11:00:00"",""11:15:00"",""D"",""LineaD_9Julio_N_Turn01"",6,""9 DE JULIO"",1,0,0,1"
"490,""2019-09-02"",""11:00:00"",""11:15:00"",""D"",""LineaD_9Julio_S_Turn01"",6,""9 DE JULIO"",9,0,0,9"
"491,""2019-09-02"",""11:00:00"",""11:15:00"",""D"",""LineaD_9Julio_S_Turn03"",6,""9 DE JULIO"",3,0,0,3"
"492,""2019-09-02"",""11:00:00"",""11:15:00"",""D"",""LineaD_9Julio_S_Turn02"",6,""9 DE JULIO"",2,0,0,2"
"493,""2019-09-02"",""11:15:00"",""11:30:00"",""D"",""LineaD_9Julio_N_Turn01"",6,""9 DE JULIO"",4,0,0,4"
"494,""2019-09-02"",""11:15:00"",""11:30:00"",""D"",""LineaD_9Julio_N_Turn02"",6,""9 DE JULIO"",3,0,0,3"
"495,""2019-09-02"",""11:15:00"",""11:30:00"",""D"",""LineaD_9Julio_S_Turn02"",6,""9 DE JULIO"",14,0,0,14"
"496,""2019-09-02"",""11:15:00"",""11:30:00"",""D"",""LineaD_9Julio_S_Turn01"",6,""9 DE JULIO"",14,0,0,14"
"497,""2019-09-02"",""11:30:00"",""11:45:00"",""D"",""LineaD_9Julio_N_Turn02"",6,""9 DE JULIO"",6,0,0,6"
"498,""2019-09-02"",""11:30:00"",""11:45:00"",""D"",""LineaD_9Julio_S_Turn02"",6,""9 DE JULIO"",9,0,1,10"
"499,""2019-09-02"",""11:30:00"",""11:45:00"",""D"",""LineaD_9Julio_N_Turn01"",6,""9 DE JULIO"",1,0,0,1"
"500,""2019-09-02"",""11:30:00"",""11:45:00"",""D"",""LineaD_9Julio_S_Turn01"",6,""9 DE JULIO"",9,0,0,9"
"501,""2019-09-02"",""11:45:00"",""12:00:00"",""D"",""LineaD_9Julio_S_Turn02"",6,""9 DE JULIO"",28,0,0,28"
"502,""2019-09-02"",""11:45:00"",""12:00:00"",""D"",""LineaD_9Julio_S_Turn03"",6,""9 DE JULIO"",5,0,0,5"
"503,""2019-09-02"",""11:45:00"",""12:00:00"",""D"",""LineaD_9Julio_N_Turn02"",6,""9 DE JULIO"",1,0,0,1"
"504,""2019-09-02"",""11:45:00"",""12:00:00"",""D"",""LineaD_9Julio_N_Turn01"",6,""9 DE JULIO"",1,0,2,3"
"505,""2019-09-02"",""11:45:00"",""12:00:00"",""D"",""LineaD_9Julio_S_Turn01"",6,""9 DE JULIO"",16,0,1,17"
"506,""2019-09-02"",""12:00:00"",""12:15:00"",""D"",""LineaD_9Julio_S_Turn02"",6,""9 DE JULIO"",5,0,0,5"
"507,""2019-09-02"",""12:00:00"",""12:15:00"",""D"",""LineaD_9Julio_S_Turn03"",6,""9 DE JULIO"",2,0,0,2"
"508,""2019-09-02"",""12:00:00"",""12:15:00"",""D"",""LineaD_9Julio_N_Turn01"",6,""9 DE JULIO"",1,0,1,2"
"509,""2019-09-02"",""12:00:00"",""12:15:00"",""D"",""LineaD_9Julio_S_Turn01"",6,""9 DE JULIO"",7,0,0,7"
"510,""2019-09-02"",""12:00:00"",""12:15:00"",""D"",""LineaD_9Julio_N_Turn02"",6,""9 DE JULIO"",2,0,1,3"
"511,""2019-09-02"",""12:15:00"",""12:30:00"",""D"",""LineaD_9Julio_S_Turn03"",6,""9 DE JULIO"",3,0,0,3"
"512,""2019-09-02"",""12:15:00"",""12:30:00"",""D"",""LineaD_9Julio_S_Turn02"",6,""9 DE JULIO"",10,0,0,10"
"513,""2019-09-02"",""12:15:00"",""12:30:00"",""D"",""LineaD_9Julio_N_Turn02"",6,""9 DE JULIO"",3,0,0,3"
"514,""2019-09-02"",""12:15:00"",""12:30:00"",""D"",""LineaD_9Julio_N_Turn01"",6,""9 DE JULIO"",1,0,0,1"
"515,""2019-09-02"",""12:15:00"",""12:30:00"",""D"",""LineaD_9Julio_S_Turn01"",6,""9 DE JULIO"",14,0,1,15"
"516,""2019-09-02"",""12:30:00"",""12:45:00"",""D"",""LineaD_9Julio_S_Turn01"",6,""9 DE JULIO"",6,0,0,6"
"517,""2019-09-02"",""12:30:00"",""12:45:00"",""D"",""LineaD_9Julio_N_Turn01"",6,""9 DE JULIO"",4,0,0,4"
"518,""2019-09-02"",""12:30:00"",""12:45:00"",""D"",""LineaD_9Julio_S_Turn03"",6,""9 DE JULIO"",3,0,0,3"
"519,""2019-09-02"",""12:30:00"",""12:45:00"",""D"",""LineaD_9Julio_N_Turn02"",6,""9 DE JULIO"",2,0,0,2"
"520,""2019-09-02"",""12:30:00"",""12:45:00"",""D"",""LineaD_9Julio_S_Turn02"",6,""9 DE JULIO"",13,0,0,13"
"521,""2019-09-02"",""12:45:00"",""13:00:00"",""D"",""LineaD_9Julio_S_Turn02"",6,""9 DE JULIO"",11,0,0,11"
"522,""2019-09-02"",""12:45:00"",""13:00:00"",""D"",""LineaD_9Julio_S_Turn03"",6,""9 DE JULIO"",1,0,0,1"
"523,""2019-09-02"",""12:45:00"",""13:00:00"",""D"",""LineaD_9Julio_S_Turn01"",6,""9 DE JULIO"",14,0,1,15"
"524,""2019-09-02"",""12:45:00"",""13:00:00"",""D"",""LineaD_9Julio_N_Turn01"",6,""9 DE JULIO"",5,0,0,5"
"525,""2019-09-02"",""13:00:00"",""13:15:00"",""D"",""LineaD_9Julio_S_Turn02"",6,""9 DE JULIO"",7,0,0,7"
"526,""2019-09-02"",""13:00:00"",""13:15:00"",""D"",""LineaD_9Julio_S_Turn03"",6,""9 DE JULIO"",1,0,0,1"
"527,""2019-09-02"",""13:00:00"",""13:15:00"",""D"",""LineaD_9Julio_N_Turn02"",6,""9 DE JULIO"",4,0,0,4"
"528,""2019-09-02"",""13:00:00"",""13:15:00"",""D"",""LineaD_9Julio_N_Turn01"",6,""9 DE JULIO"",3,0,0,3"
"529,""2019-09-02"",""13:00:00"",""13:15:00"",""D"",""LineaD_9Julio_S_Turn01"",6,""9 DE JULIO"",13,0,0,13"
"530,""2019-09-02"",""13:15:00"",""13:30:00"",""D"",""LineaD_9Julio_S_Turn01"",6,""9 DE JULIO"",15,0,1,16"
"531,""2019-09-02"",""13:15:00"",""13:30:00"",""D"",""LineaD_9Julio_N_Turn02"",6,""9 DE JULIO"",4,0,0,4"
"532,""2019-09-02"",""13:15:00"",""13:30:00"",""D"",""LineaD_9Julio_S_Turn02"",6,""9 DE JULIO"",10,0,1,11"
"533,""2019-09-02"",""13:15:00"",""13:30:00"",""D"",""LineaD_9Julio_S_Turn03"",6,""9 DE JULIO"",5,0,0,5"
"534,""2019-09-02"",""13:15:00"",""13:30:00"",""D"",""LineaD_9Julio_N_Turn01"",6,""9 DE JULIO"",8,0,0,8"
"535,""2019-09-02"",""13:30:00"",""13:45:00"",""D"",""LineaD_9Julio_S_Turn01"",6,""9 DE JULIO"",8,0,0,8"
"536,""2019-09-02"",""13:30:00"",""13:45:00"",""D"",""LineaD_9Julio_N_Turn01"",6,""9 DE JULIO"",3,0,0,3"
"537,""2019-09-02"",""13:30:00"",""13:45:00"",""D"",""LineaD_9Julio_N_Turn02"",6,""9 DE JULIO"",2,0,0,2"
"538,""2019-09-02"",""13:30:00"",""13:45:00"",""D"",""LineaD_9Julio_S_Turn03"",6,""9 DE JULIO"",4,0,0,4"
"539,""2019-09-02"",""13:30:00"",""13:45:00"",""D"",""LineaD_9Julio_S_Turn02"",6,""9 DE JULIO"",12,0,0,12"
"540,""2019-09-02"",""13:45:00"",""14:00:00"",""D"",""LineaD_9Julio_N_Turn01"",6,""9 DE JULIO"",7,0,0,7"
"541,""2019-09-02"",""13:45:00"",""14:00:00"",""D"",""LineaD_9Julio_S_Turn01"",6,""9 DE JULIO"",12,0,0,12"
"542,""2019-09-02"",""13:45:00"",""14:00:00"",""D"",""LineaD_9Julio_N_Turn02"",6,""9 DE JULIO"",1,0,0,1"
"543,""2019-09-02"",""13:45:00"",""14:00:00"",""D"",""LineaD_9Julio_S_Turn02"",6,""9 DE JULIO"",17,0,1,18"
"544,""2019-09-02"",""13:45:00"",""14:00:00"",""D"",""LineaD_9Julio_S_Turn03"",6,""9 DE JULIO"",3,0,0,3"
"545,""2019-09-02"",""14:00:00"",""14:15:00"",""D"",""LineaD_9Julio_N_Turn02"",6,""9 DE JULIO"",5,0,0,5"
"546,""2019-09-02"",""14:00:00"",""14:15:00"",""D"",""LineaD_9Julio_S_Turn01"",6,""9 DE JULIO"",16,0,0,16"
"547,""2019-09-02"",""14:00:00"",""14:15:00"",""D"",""LineaD_9Julio_N_Turn01"",6,""9 DE JULIO"",2,0,1,3"
"548,""2019-09-02"",""14:00:00"",""14:15:00"",""D"",""LineaD_9Julio_S_Turn02"",6,""9 DE JULIO"",15,0,0,15"
"549,""2019-09-02"",""14:00:00"",""14:15:00"",""D"",""LineaD_9Julio_S_Turn03"",6,""9 DE JULIO"",5,0,0,5"
"550,""2019-09-02"",""14:15:00"",""14:30:00"",""D"",""LineaD_9Julio_S_Turn01"",6,""9 DE JULIO"",18,0,0,18"
"551,""2019-09-02"",""14:15:00"",""14:30:00"",""D"",""LineaD_9Julio_S_Turn02"",6,""9 DE JULIO"",8,0,0,8"
"552,""2019-09-02"",""14:15:00"",""14:30:00"",""D"",""LineaD_9Julio_S_Turn03"",6,""9 DE JULIO"",11,0,0,11"
"553,""2019-09-02"",""14:15:00"",""14:30:00"",""D"",""LineaD_9Julio_N_Turn01"",6,""9 DE JULIO"",3,0,0,3"
"554,""2019-09-02"",""14:30:00"",""14:45:00"",""D"",""LineaD_9Julio_N_Turn02"",6,""9 DE JULIO"",4,0,0,4"
"555,""2019-09-02"",""14:30:00"",""14:45:00"",""D"",""LineaD_9Julio_S_Turn02"",6,""9 DE JULIO"",12,0,0,12"
"556,""2019-09-02"",""14:30:00"",""14:45:00"",""D"",""LineaD_9Julio_N_Turn01"",6,""9 DE JULIO"",4,0,0,4"
"557,""2019-09-02"",""14:30:00"",""14:45:00"",""D"",""LineaD_9Julio_S_Turn03"",6,""9 DE JULIO"",1,0,0,1"
"558,""2019-09-02"",""14:30:00"",""14:45:00"",""D"",""LineaD_9Julio_S_Turn01"",6,""9 DE JULIO"",12,0,0,12"
"559,""2019-09-02"",""14:45:00"",""15:00:00"",""D"",""LineaD_9Julio_S_Turn01"",6,""9 DE JULIO"",11,0,0,11"
"560,""2019-09-02"",""14:45:00"",""15:00:00"",""D"",""LineaD_9Julio_N_Turn01"",6,""9 DE JULIO"",1,0,0,1"
"561,""2019-09-02"",""14:45:00"",""15:00:00"",""D"",""LineaD_9Julio_S_Turn03"",6,""9 DE JULIO"",12,0,1,13"
"562,""2019-09-02"",""14:45:00"",""15:00:00"",""D"",""LineaD_9Julio_S_Turn02"",6,""9 DE JULIO"",1,0,0,1"
"563,""2019-09-02"",""15:00:00"",""15:15:00"",""D"",""LineaD_9Julio_S_Turn01"",6,""9 DE JULIO"",10,0,0,10"
"564,""2019-09-02"",""15:00:00"",""15:15:00"",""D"",""LineaD_9Julio_N_Turn01"",6,""9 DE JULIO"",5,0,0,5"
"565,""2019-09-02"",""15:00:00"",""15:15:00"",""D"",""LineaD_9Julio_N_Turn02"",6,""9 DE JULIO"",6,0,0,6"
"566,""2019-09-02"",""15:00:00"",""15:15:00"",""D"",""LineaD_9Julio_S_Turn03"",6,""9 DE JULIO"",9,0,0,9"
"567,""2019-09-02"",""15:15:00"",""15:30:00"",""D"",""LineaD_9Julio_N_Turn01"",6,""9 DE JULIO"",5,0,1,6"
"568,""2019-09-02"",""15:15:00"",""15:30:00"",""D"",""LineaD_9Julio_S_Turn01"",6,""9 DE JULIO"",27,0,0,27"
"569,""2019-09-02"",""15:15:00"",""15:30:00"",""D"",""LineaD_9Julio_S_Turn03"",6,""9 DE JULIO"",6,0,0,6"
"570,""2019-09-02"",""15:15:00"",""15:30:00"",""D"",""LineaD_9Julio_N_Turn02"",6,""9 DE JULIO"",5,0,1,6"
"571,""2019-09-02"",""15:30:00"",""15:45:00"",""D"",""LineaD_9Julio_N_Turn02"",6,""9 DE JULIO"",3,0,0,3"
"572,""2019-09-02"",""15:30:00"",""15:45:00"",""D"",""LineaD_9Julio_S_Turn03"",6,""9 DE JULIO"",5,0,0,5"
"573,""2019-09-02"",""15:30:00"",""15:45:00"",""D"",""LineaD_9Julio_S_Turn01"",6,""9 DE JULIO"",17,0,1,18"
"574,""2019-09-02"",""15:30:00"",""15:45:00"",""D"",""LineaD_9Julio_N_Turn01"",6,""9 DE JULIO"",5,0,0,5"
"575,""2019-09-02"",""15:45:00"",""16:00:00"",""D"",""LineaD_9Julio_S_Turn03"",6,""9 DE JULIO"",8,0,0,8"
"576,""2019-09-02"",""15:45:00"",""16:00:00"",""D"",""LineaD_9Julio_S_Turn01"",6,""9 DE JULIO"",16,0,0,16"
"577,""2019-09-02"",""15:45:00"",""16:00:00"",""D"",""LineaD_9Julio_N_Turn01"",6,""9 DE JULIO"",1,0,0,1"
"578,""2019-09-02"",""15:45:00"",""16:00:00"",""D"",""LineaD_9Julio_N_Turn02"",6,""9 DE JULIO"",1,0,0,1"
"579,""2019-09-02"",""16:00:00"",""16:15:00"",""D"",""LineaD_9Julio_S_Turn01"",6,""9 DE JULIO"",20,0,1,21"
"580,""2019-09-02"",""16:00:00"",""16:15:00"",""D"",""LineaD_9Julio_S_Turn03"",6,""9 DE JULIO"",7,0,0,7"
"581,""2019-09-02"",""16:00:00"",""16:15:00"",""D"",""LineaD_9Julio_N_Turn01"",6,""9 DE JULIO"",1,0,0,1"
"582,""2019-09-02"",""16:15:00"",""16:30:00"",""D"",""LineaD_9Julio_N_Turn01"",6,""9 DE JULIO"",1,0,0,1"
"583,""2019-09-02"",""16:15:00"",""16:30:00"",""D"",""LineaD_9Julio_S_Turn01"",6,""9 DE JULIO"",10,0,0,10"
"584,""2019-09-02"",""16:15:00"",""16:30:00"",""D"",""LineaD_9Julio_N_Turn02"",6,""9 DE JULIO"",3,0,0,3"
"585,""2019-09-02"",""16:15:00"",""16:30:00"",""D"",""LineaD_9Julio_S_Turn03"",6,""9 DE JULIO"",2,0,0,2"
"586,""2019-09-02"",""16:30:00"",""16:45:00"",""D"",""LineaD_9Julio_S_Turn01"",6,""9 DE JULIO"",16,0,0,16"
"587,""2019-09-02"",""16:30:00"",""16:45:00"",""D"",""LineaD_9Julio_N_Turn02"",6,""9 DE JULIO"",1,0,0,1"
"588,""2019-09-02"",""16:30:00"",""16:45:00"",""D"",""LineaD_9Julio_S_Turn03"",6,""9 DE JULIO"",7,0,0,7"
"589,""2019-09-02"",""16:45:00"",""17:00:00"",""D"",""LineaD_9Julio_S_Turn03"",6,""9 DE JULIO"",6,0,0,6"
"590,""2019-09-02"",""16:45:00"",""17:00:00"",""D"",""LineaD_9Julio_N_Turn01"",6,""9 DE JULIO"",9,0,1,10"
"591,""2019-09-02"",""16:45:00"",""17:00:00"",""D"",""LineaD_9Julio_S_Turn01"",6,""9 DE JULIO"",8,0,1,9"
"592,""2019-09-02"",""16:45:00"",""17:00:00"",""D"",""LineaD_9Julio_N_Turn02"",6,""9 DE JULIO"",8,0,0,8"
"593,""2019-09-02"",""17:00:00"",""17:15:00"",""D"",""LineaD_9Julio_N_Turn01"",6,""9 DE JULIO"",7,0,0,7"
"594,""2019-09-02"",""17:00:00"",""17:15:00"",""D"",""LineaD_9Julio_S_Turn03"",6,""9 DE JULIO"",8,0,0,8"
"595,""2019-09-02"",""17:00:00"",""17:15:00"",""D"",""LineaD_9Julio_S_Turn01"",6,""9 DE JULIO"",18,0,1,19"
"596,""2019-09-02"",""17:00:00"",""17:15:00"",""D"",""LineaD_9Julio_N_Turn02"",6,""9 DE JULIO"",2,0,0,2"
"597,""2019-09-02"",""17:15:00"",""17:30:00"",""D"",""LineaD_9Julio_S_Turn01"",6,""9 DE JULIO"",20,0,0,20"
"598,""2019-09-02"",""17:15:00"",""17:30:00"",""D"",""LineaD_9Julio_S_Turn03"",6,""9 DE JULIO"",6,0,1,7"
"599,""2019-09-02"",""17:15:00"",""17:30:00"",""D"",""LineaD_9Julio_N_Turn01"",6,""9 DE JULIO"",10,0,0,10"
"600,""2019-09-02"",""17:15:00"",""17:30:00"",""D"",""LineaD_9Julio_N_Turn02"",6,""9 DE JULIO"",1,0,0,1"
"601,""2019-09-02"",""17:30:00"",""17:45:00"",""D"",""LineaD_9Julio_N_Turn02"",6,""9 DE JULIO"",4,0,0,4"
"602,""2019-09-02"",""17:30:00"",""17:45:00"",""D"",""LineaD_9Julio_S_Turn03"",6,""9 DE JULIO"",8,0,0,8"
"603,""2019-09-02"",""17:30:00"",""17:45:00"",""D"",""LineaD_9Julio_N_Turn01"",6,""9 DE JULIO"",2,0,0,2"
"604,""2019-09-02"",""17:30:00"",""17:45:00"",""D"",""LineaD_9Julio_S_Turn01"",6,""9 DE JULIO"",16,0,0,16"
"605,""2019-09-02"",""17:45:00"",""18:00:00"",""D"",""LineaD_9Julio_N_Turn01"",6,""9 DE JULIO"",2,0,0,2"
"606,""2019-09-02"",""17:45:00"",""18:00:00"",""D"",""LineaD_9Julio_S_Turn01"",6,""9 DE JULIO"",18,0,1,19"
"607,""2019-09-02"",""17:45:00"",""18:00:00"",""D"",""LineaD_9Julio_N_Turn02"",6,""9 DE JULIO"",1,0,0,1"
"608,""2019-09-02"",""17:45:00"",""18:00:00"",""D"",""LineaD_9Julio_S_Turn03"",6,""9 DE JULIO"",10,0,0,10"
"609,""2019-09-02"",""18:00:00"",""18:15:00"",""D"",""LineaD_9Julio_N_Turn01"",6,""9 DE JULIO"",2,0,0,2"
"610,""2019-09-02"",""18:00:00"",""18:15:00"",""D"",""LineaD_9Julio_N_Turn02"",6,""9 DE JULIO"",2,0,0,2"
"611,""2019-09-02"",""18:00:00"",""18:15:00"",""D"",""LineaD_9Julio_S_Turn01"",6,""9 DE JULIO"",21,0,1,22"
"612,""2019-09-02"",""18:00:00"",""18:15:00"",""D"",""LineaD_9Julio_S_Turn03"",6,""9 DE JULIO"",3,0,0,3"
"613,""2019-09-02"",""18:15:00"",""18:30:00"",""D"",""LineaD_9Julio_N_Turn02"",6,""9 DE JULIO"",2,0,0,2"
"614,""2019-09-02"",""18:15:00"",""18:30:00"",""D"",""LineaD_9Julio_N_Turn01"",6,""9 DE JULIO"",5,0,0,5"
"615,""2019-09-02"",""18:15:00"",""18:30:00"",""D"",""LineaD_9Julio_S_Turn03"",6,""9 DE JULIO"",9,0,0,9"
"616,""2019-09-02"",""18:15:00"",""18:30:00"",""D"",""LineaD_9Julio_S_Turn01"",6,""9 DE JULIO"",14,0,0,14"
"617,""2019-09-02"",""18:30:00"",""18:45:00"",""D"",""LineaD_9Julio_N_Turn02"",6,""9 DE JULIO"",1,0,0,1"
"618,""2019-09-02"",""18:30:00"",""18:45:00"",""D"",""LineaD_9Julio_S_Turn01"",6,""9 DE JULIO"",16,0,1,17"
"619,""2019-09-02"",""18:30:00"",""18:45:00"",""D"",""LineaD_9Julio_S_Turn03"",6,""9 DE JULIO"",8,0,0,8"
"620,""2019-09-02"",""18:45:00"",""19:00:00"",""D"",""LineaD_9Julio_S_Turn03"",6,""9 DE JULIO"",7,0,0,7"
"621,""2019-09-02"",""18:45:00"",""19:00:00"",""D"",""LineaD_9Julio_S_Turn01"",6,""9 DE JULIO"",12,0,1,13"
"622,""2019-09-02"",""18:45:00"",""19:00:00"",""D"",""LineaD_9Julio_N_Turn01"",6,""9 DE JULIO"",3,0,0,3"
"623,""2019-09-02"",""19:00:00"",""19:15:00"",""D"",""LineaD_9Julio_N_Turn02"",6,""9 DE JULIO"",1,0,0,1"
"624,""2019-09-02"",""19:00:00"",""19:15:00"",""D"",""LineaD_9Julio_N_Turn01"",6,""9 DE JULIO"",2,0,0,2"
"625,""2019-09-02"",""19:00:00"",""19:15:00"",""D"",""LineaD_9Julio_S_Turn01"",6,""9 DE JULIO"",17,0,0,17"
"626,""2019-09-02"",""19:00:00"",""19:15:00"",""D"",""LineaD_9Julio_S_Turn03"",6,""9 DE JULIO"",11,0,0,11"
"627,""2019-09-02"",""19:15:00"",""19:30:00"",""D"",""LineaD_9Julio_N_Turn02"",6,""9 DE JULIO"",7,0,0,7"
"628,""2019-09-02"",""19:15:00"",""19:30:00"",""D"",""LineaD_9Julio_S_Turn03"",6,""9 DE JULIO"",4,0,0,4"
"629,""2019-09-02"",""19:15:00"",""19:30:00"",""D"",""LineaD_9Julio_S_Turn01"",6,""9 DE JULIO"",16,0,0,16"
"630,""2019-09-02"",""19:15:00"",""19:30:00"",""D"",""LineaD_9Julio_N_Turn01"",6,""9 DE JULIO"",7,0,0,7"
"631,""2019-09-02"",""19:30:00"",""19:45:00"",""D"",""LineaD_9Julio_S_Turn03"",6,""9 DE JULIO"",7,0,0,7"
"632,""2019-09-02"",""19:30:00"",""19:45:00"",""D"",""LineaD_9Julio_S_Turn01"",6,""9 DE JULIO"",22,0,0,22"
"633,""2019-09-02"",""19:30:00"",""19:45:00"",""D"",""LineaD_9Julio_N_Turn02"",6,""9 DE JULIO"",1,0,0,1"
"634,""2019-09-02"",""19:30:00"",""19:45:00"",""D"",""LineaD_9Julio_N_Turn01"",6,""9 DE JULIO"",3,0,0,3"
"635,""2019-09-02"",""19:45:00"",""20:00:00"",""D"",""LineaD_9Julio_S_Turn01"",6,""9 DE JULIO"",13,0,0,13"
"636,""2019-09-02"",""19:45:00"",""20:00:00"",""D"",""LineaD_9Julio_N_Turn02"",6,""9 DE JULIO"",4,0,0,4"
"637,""2019-09-02"",""19:45:00"",""20:00:00"",""D"",""LineaD_9Julio_S_Turn03"",6,""9 DE JULIO"",3,0,0,3"
"638,""2019-09-02"",""19:45:00"",""20:00:00"",""D"",""LineaD_9Julio_S_Turn02"",6,""9 DE JULIO"",24,0,0,24"
"639,""2019-09-02"",""19:45:00"",""20:00:00"",""D"",""LineaD_9Julio_N_Turn01"",6,""9 DE JULIO"",5,0,0,5"
"640,""2019-09-02"",""20:00:00"",""20:15:00"",""D"",""LineaD_9Julio_S_Turn03"",6,""9 DE JULIO"",4,0,0,4"
"641,""2019-09-02"",""20:00:00"",""20:15:00"",""D"",""LineaD_9Julio_S_Turn01"",6,""9 DE JULIO"",17,0,1,18"
"642,""2019-09-02"",""20:00:00"",""20:15:00"",""D"",""LineaD_9Julio_N_Turn01"",6,""9 DE JULIO"",4,0,0,4"
"643,""2019-09-02"",""20:00:00"",""20:15:00"",""D"",""LineaD_9Julio_S_Turn02"",6,""9 DE JULIO"",20,0,0,20"
"644,""2019-09-02"",""20:15:00"",""20:30:00"",""D"",""LineaD_9Julio_N_Turn01"",6,""9 DE JULIO"",3,0,0,3"
"645,""2019-09-02"",""20:15:00"",""20:30:00"",""D"",""LineaD_9Julio_S_Turn01"",6,""9 DE JULIO"",6,0,3,9"
"646,""2019-09-02"",""20:15:00"",""20:30:00"",""D"",""LineaD_9Julio_S_Turn03"",6,""9 DE JULIO"",1,0,0,1"
"647,""2019-09-02"",""20:15:00"",""20:30:00"",""D"",""LineaD_9Julio_S_Turn02"",6,""9 DE JULIO"",7,0,0,7"
"648,""2019-09-02"",""20:15:00"",""20:30:00"",""D"",""LineaD_9Julio_N_Turn02"",6,""9 DE JULIO"",1,0,0,1"
"649,""2019-09-02"",""20:30:00"",""20:45:00"",""D"",""LineaD_9Julio_S_Turn03"",6,""9 DE JULIO"",2,0,0,2"
"650,""2019-09-02"",""20:30:00"",""20:45:00"",""D"",""LineaD_9Julio_N_Turn01"",6,""9 DE JULIO"",2,0,0,2"
"651,""2019-09-02"",""20:30:00"",""20:45:00"",""D"",""LineaD_9Julio_S_Turn01"",6,""9 DE JULIO"",16,0,0,16"
"652,""2019-09-02"",""20:30:00"",""20:45:00"",""D"",""LineaD_9Julio_N_Turn02"",6,""9 DE JULIO"",1,0,0,1"
"653,""2019-09-02"",""20:30:00"",""20:45:00"",""D"",""LineaD_9Julio_S_Turn02"",6,""9 DE JULIO"",17,0,0,17"
"654,""2019-09-02"",""20:45:00"",""21:00:00"",""D"",""LineaD_9Julio_N_Turn01"",6,""9 DE JULIO"",2,0,0,2"
"655,""2019-09-02"",""20:45:00"",""21:00:00"",""D"",""LineaD_9Julio_S_Turn01"",6,""9 DE JULIO"",11,0,0,11"
"656,""2019-09-02"",""20:45:00"",""21:00:00"",""D"",""LineaD_9Julio_N_Turn02"",6,""9 DE JULIO"",1,0,0,1"
"657,""2019-09-02"",""20:45:00"",""21:00:00"",""D"",""LineaD_9Julio_S_Turn02"",6,""9 DE JULIO"",13,0,0,13"
"658,""2019-09-02"",""20:45:00"",""21:00:00"",""D"",""LineaD_9Julio_S_Turn03"",6,""9 DE JULIO"",1,0,0,1"
"659,""2019-09-02"",""21:00:00"",""21:15:00"",""D"",""LineaD_9Julio_S_Turn01"",6,""9 DE JULIO"",11,0,1,12"
"660,""2019-09-02"",""21:00:00"",""21:15:00"",""D"",""LineaD_9Julio_N_Turn01"",6,""9 DE JULIO"",1,0,0,1"
"661,""2019-09-02"",""21:00:00"",""21:15:00"",""D"",""LineaD_9Julio_S_Turn03"",6,""9 DE JULIO"",2,0,0,2"
"662,""2019-09-02"",""21:00:00"",""21:15:00"",""D"",""LineaD_9Julio_S_Turn02"",6,""9 DE JULIO"",8,0,0,8"
"663,""2019-09-02"",""21:00:00"",""21:15:00"",""D"",""LineaD_9Julio_N_Turn02"",6,""9 DE JULIO"",2,0,0,2"
"664,""2019-09-02"",""21:15:00"",""21:30:00"",""D"",""LineaD_9Julio_S_Turn01"",6,""9 DE JULIO"",12,0,0,12"
"665,""2019-09-02"",""21:15:00"",""21:30:00"",""D"",""LineaD_9Julio_S_Turn02"",6,""9 DE JULIO"",10,0,0,10"
"666,""2019-09-02"",""21:15:00"",""21:30:00"",""D"",""LineaD_9Julio_S_Turn03"",6,""9 DE JULIO"",1,0,0,1"
"667,""2019-09-02"",""21:30:00"",""21:45:00"",""D"",""LineaD_9Julio_S_Turn01"",6,""9 DE JULIO"",7,0,0,7"
"668,""2019-09-02"",""21:30:00"",""21:45:00"",""D"",""LineaD_9Julio_N_Turn01"",6,""9 DE JULIO"",1,0,0,1"
"669,""2019-09-02"",""21:30:00"",""21:45:00"",""D"",""LineaD_9Julio_S_Turn03"",6,""9 DE JULIO"",3,0,0,3"
"670,""2019-09-02"",""21:30:00"",""21:45:00"",""D"",""LineaD_9Julio_S_Turn02"",6,""9 DE JULIO"",10,0,0,10"
"671,""2019-09-02"",""21:45:00"",""22:00:00"",""D"",""LineaD_9Julio_S_Turn01"",6,""9 DE JULIO"",9,0,0,9"
"672,""2019-09-02"",""21:45:00"",""22:00:00"",""D"",""LineaD_9Julio_N_Turn01"",6,""9 DE JULIO"",1,0,0,1"
"673,""2019-09-02"",""21:45:00"",""22:00:00"",""D"",""LineaD_9Julio_S_Turn02"",6,""9 DE JULIO"",10,0,0,10"
"674,""2019-09-02"",""22:00:00"",""22:15:00"",""D"",""LineaD_9Julio_N_Turn02"",6,""9 DE JULIO"",2,0,0,2"
"675,""2019-09-02"",""22:00:00"",""22:15:00"",""D"",""LineaD_9Julio_N_Turn01"",6,""9 DE JULIO"",2,0,0,2"
"676,""2019-09-02"",""22:00:00"",""22:15:00"",""D"",""LineaD_9Julio_S_Turn02"",6,""9 DE JULIO"",5,0,0,5"
"677,""2019-09-02"",""22:00:00"",""22:15:00"",""D"",""LineaD_9Julio_S_Turn01"",6,""9 DE JULIO"",19,0,0,19"
"678,""2019-09-02"",""22:15:00"",""22:30:00"",""D"",""LineaD_9Julio_N_Turn01"",6,""9 DE JULIO"",1,0,0,1"
"679,""2019-09-02"",""22:15:00"",""22:30:00"",""D"",""LineaD_9Julio_S_Turn01"",6,""9 DE JULIO"",9,0,0,9"
"680,""2019-09-02"",""22:15:00"",""22:30:00"",""D"",""LineaD_9Julio_N_Turn02"",6,""9 DE JULIO"",5,0,0,5"
"681,""2019-09-02"",""22:15:00"",""22:30:00"",""D"",""LineaD_9Julio_S_Turn02"",6,""9 DE JULIO"",8,0,0,8"
"682,""2019-09-02"",""22:15:00"",""22:30:00"",""D"",""LineaD_9Julio_S_Turn03"",6,""9 DE JULIO"",3,0,1,4"
"683,""2019-09-02"",""22:30:00"",""22:45:00"",""D"",""LineaD_9Julio_S_Turn02"",6,""9 DE JULIO"",1,0,0,1"
"684,""2019-09-02"",""22:30:00"",""22:45:00"",""D"",""LineaD_9Julio_S_Turn01"",6,""9 DE JULIO"",7,0,0,7"
"685,""2019-09-02"",""22:45:00"",""23:00:00"",""D"",""LineaD_9Julio_S_Turn02"",6,""9 DE JULIO"",2,0,0,2"
"686,""2019-09-02"",""22:45:00"",""23:00:00"",""D"",""LineaD_9Julio_S_Turn03"",6,""9 DE JULIO"",1,0,0,1"
"687,""2019-09-02"",""22:45:00"",""23:00:00"",""D"",""LineaD_9Julio_N_Turn02"",6,""9 DE JULIO"",2,0,0,2"
"688,""2019-09-02"",""22:45:00"",""23:00:00"",""D"",""LineaD_9Julio_S_Turn01"",6,""9 DE JULIO"",1,0,0,1"
"689,""2019-09-02"",""23:00:00"",""23:15:00"",""D"",""LineaD_9Julio_N_Turn01"",6,""9 DE JULIO"",2,0,0,2"
"690,""2019-09-02"",""23:00:00"",""23:15:00"",""D"",""LineaD_9Julio_N_Turn02"",6,""9 DE JULIO"",2,0,0,2"
"691,""2019-09-02"",""23:00:00"",""23:15:00"",""D"",""LineaD_9Julio_S_Turn02"",6,""9 DE JULIO"",5,0,1,6"
"692,""2019-09-02"",""23:00:00"",""23:15:00"",""D"",""LineaD_9Julio_S_Turn03"",6,""9 DE JULIO"",3,0,0,3"
"693,""2019-09-02"",""23:00:00"",""23:15:00"",""D"",""LineaD_9Julio_S_Turn01"",6,""9 DE JULIO"",8,0,0,8"
"694,""2019-09-02"",""23:30:00"",""23:45:00"",""D"",""LineaD_9Julio_S_Turn01"",6,""9 DE JULIO"",3,0,0,3"
"695,""2019-09-02"",""23:30:00"",""23:45:00"",""D"",""LineaD_9Julio_S_Turn02"",6,""9 DE JULIO"",3,0,0,3"
